-- phpMyAdmin SQL Dump
-- version 4.6.4
-- https://www.phpmyadmin.net/
--
-- Host: 127.0.0.1
-- Generation Time: Dec 23, 2016 at 11:16 AM
-- Server version: 5.7.14
-- PHP Version: 5.6.25

SET SQL_MODE = "NO_AUTO_VALUE_ON_ZERO";
SET time_zone = "+00:00";


/*!40101 SET @OLD_CHARACTER_SET_CLIENT=@@CHARACTER_SET_CLIENT */;
/*!40101 SET @OLD_CHARACTER_SET_RESULTS=@@CHARACTER_SET_RESULTS */;
/*!40101 SET @OLD_COLLATION_CONNECTION=@@COLLATION_CONNECTION */;
/*!40101 SET NAMES utf8mb4 */;

--
-- Database: `monngon`
--

-- --------------------------------------------------------

--
-- Table structure for table `cachnau`
--

CREATE TABLE `cachnau` (
  `id_cooking_type` int(11) NOT NULL,
  `name_cooking_type` text COLLATE utf8_unicode_ci NOT NULL
) ENGINE=MyISAM DEFAULT CHARSET=utf8 COLLATE=utf8_unicode_ci;

--
-- Dumping data for table `cachnau`
--

INSERT INTO `cachnau` (`id_cooking_type`, `name_cooking_type`) VALUES
(1, 'Xào'),
(2, 'Kho'),
(4, 'Gỏi/Trộn'),
(6, 'Nướng'),
(8, 'Om/Rim'),
(10, 'Lẩu'),
(12, 'Hấp/Tiềm'),
(14, 'Quay/Rôti'),
(16, 'Canh/Súp'),
(18, 'Hầm'),
(20, 'Chiên'),
(22, 'Khác');

-- --------------------------------------------------------

--
-- Table structure for table `cachnaumon`
--

CREATE TABLE `cachnaumon` (
  `id_cachnaumon` int(11) NOT NULL,
  `id_cachnau` int(11) NOT NULL,
  `id` int(11) NOT NULL
) ENGINE=MyISAM DEFAULT CHARSET=utf8 COLLATE=utf8_unicode_ci;

-- --------------------------------------------------------

--
-- Table structure for table `dipnau`
--

CREATE TABLE `dipnau` (
  `id_dipnau` int(11) NOT NULL,
  `name_dipnau` varchar(100) COLLATE utf8_unicode_ci NOT NULL
) ENGINE=MyISAM DEFAULT CHARSET=utf8 COLLATE=utf8_unicode_ci;

--
-- Dumping data for table `dipnau`
--

INSERT INTO `dipnau` (`id_dipnau`, `name_dipnau`) VALUES
(1, 'Hàng ngày'),
(3, 'Cuối tuần'),
(4, 'Sinh nhật'),
(5, 'Giáng sinh'),
(6, 'Khác'),
(7, 'Món chay'),
(8, 'Tết');

-- --------------------------------------------------------

--
-- Table structure for table `dipnaumon`
--

CREATE TABLE `dipnaumon` (
  `id_dipnaumon` int(11) NOT NULL,
  `id_dipnau` int(11) NOT NULL,
  `id` int(11) NOT NULL
) ENGINE=MyISAM DEFAULT CHARSET=utf8 COLLATE=utf8_unicode_ci;

-- --------------------------------------------------------

--
-- Table structure for table `material`
--

CREATE TABLE `material` (
  `id_material` int(11) NOT NULL,
  `name_material` text COLLATE utf8_unicode_ci NOT NULL
) ENGINE=MyISAM DEFAULT CHARSET=utf8 COLLATE=utf8_unicode_ci;

--
-- Dumping data for table `material`
--

INSERT INTO `material` (`id_material`, `name_material`) VALUES
(2, 'Thịt heo'),
(3, 'Thịt gà'),
(4, 'Thịt bò'),
(5, 'Thịt khác'),
(6, 'Cá'),
(7, 'Tôm'),
(8, 'Mực/Bạch tuộc'),
(9, 'Hải sản khác'),
(10, 'Nấm'),
(11, 'Cà rốt'),
(12, 'Khác'),
(13, 'Trứng'),
(14, 'Đậu hũ'),
(15, 'Bánh mì');

-- --------------------------------------------------------

--
-- Table structure for table `materialmon`
--

CREATE TABLE `materialmon` (
  `id_materialmon` int(11) NOT NULL,
  `id_material` int(11) NOT NULL,
  `id` int(11) NOT NULL
) ENGINE=MyISAM DEFAULT CHARSET=utf8 COLLATE=utf8_unicode_ci;

--
-- Dumping data for table `materialmon`
--

INSERT INTO `materialmon` (`id_materialmon`, `id_material`, `id`) VALUES
(1, 4, 8),
(2, 6, 8);

-- --------------------------------------------------------

--
-- Table structure for table `mons`
--

CREATE TABLE `mons` (
  `id` int(50) NOT NULL,
  `title` text CHARACTER SET utf8 COLLATE utf8_unicode_ci NOT NULL,
  `description` text CHARACTER SET utf8 COLLATE utf8_unicode_ci NOT NULL,
  `material` text CHARACTER SET utf8 COLLATE utf8_unicode_ci NOT NULL,
  `image` varchar(1000) CHARACTER SET utf8 COLLATE utf8_unicode_ci NOT NULL,
  `video` text CHARACTER SET utf8mb4 COLLATE utf8mb4_unicode_ci NOT NULL,
  `making` text COLLATE utf8_vietnamese_ci NOT NULL,
  `id_cooking_type` int(11) NOT NULL,
  `id_material` int(11) NOT NULL,
  `id_dipnau` int(11) NOT NULL,
  `is_seven_day` int(11) NOT NULL,
  `is_most_view` int(11) NOT NULL
) ENGINE=MyISAM DEFAULT CHARSET=utf8 COLLATE=utf8_vietnamese_ci;

--
-- Dumping data for table `mons`
--

INSERT INTO `mons` (`id`, `title`, `description`, `material`, `image`, `video`, `making`, `id_cooking_type`, `id_material`, `id_dipnau`, `is_seven_day`, `is_most_view`) VALUES
(8, 'MÌ CAY CHAY', 'Mì cay là món ăn ngày càng phổ biến với giới trẻ và cả thực khách trung niên. Vậy hôm nay Món Ngon Mỗi Ngày sẽ giới thiệu đến bạn món Mì Cay Chay, giúp thực đơn nhà mình thêm màu sắc mới mẻ nhé. Với những nguyên liệu đơn giản như thịt bò chay, cá viên chay quyện cùng nước mì đậm đà thơm mùi ớt hiểm, ớt bột Hàn Quốc, hài hòa chua – ngọt – cay cùng sợi mì udon dẻo, thấm vị, món ngon này chắc hẳn sẽ khiến bữa chay của bạn thêm thú vị!\r\n\r\nDễ\r\n4 người\r\n30 phút\r\n15/10/2016\r\nXem clip  like', 'NGUYÊN LIỆU\nNước dùng chay 1.5 lít\nMe vắt 50g\nMì Udon 3 gói\nThịt bò chay lát 100g\nCá viên chay 200g\nHành boaro cắt lát 1 cây\nNấm kim châm 100g\nRau húng quế, ngò gai, ớt hiểm băm nhỏ, dầu ăn\nĂn kèm: Hành boaro, hẹ lá, rau tần ô, lá tàu hủ ky chiên giòn\nMuối, đường phèn, ớt bột Hàn Quốc, nước mắm chay, dầu ăn\nBột ngọt  Bột ngọt AJI-NO-MOTO®\nAji-ngon® Hạt nêm từ nấm hương và hạt sen bổ sung kẽm Hạt nêm từ nấm hương và hạt sen bổ sung kẽm', 'http://monngonmoingay.com/wp-content/uploads/2016/10/1410-MiCayChay-540-360.jpg', 'https://www.youtube.com/watch?v=R12ci7XegIM', 'NGUYÊN LIỆU\r\nNước dùng chay 1.5 lít\r\nMe vắt 50g\r\nMì Udon 3 gói\r\nThịt bò chay lát 100g\r\nCá viên chay 200g\r\nHành boaro cắt lát 1 cây\r\nNấm kim châm 100g\r\nRau húng quế, ngò gai, ớt hiểm băm nhỏ, dầu ăn\r\nĂn kèm: Hành boaro, hẹ lá, rau tần ô, lá tàu hủ ky chiên giòn\r\nMuối, đường phèn, ớt bột Hàn Quốc, nước mắm chay, dầu ăn\r\nBột ngọt  Bột ngọt AJI-NO-MOTO®\r\nAji-ngon® Hạt nêm từ nấm hương và hạt sen bổ sung kẽm Hạt nêm từ nấm hương và hạt sen bổ sung kẽm', 0, 0, 0, 0, 0),
(9, 'CÁ ĐIÊU HỒNG KHO TƯƠNG HỘT', 'Miếng cá ngọt thịt thấm vị tương đậm đà dùng kèm cơm trắng sẽ là bữa ăn khó cưỡng cho những ngày mưa lạnh. Cá được áo một màu nâu đẹp mắt của tương hột, dậy hương thơm lừng. Từng thớ thịt cá đều thấm vị, béo ngọt và chắc thịt. Một món ăn có vẻ cầu kỳ về hương vị nhưng thật ra rất dễ làm mà lại giàu dinh dưỡng, cho bữa ăn gia đình bạn thêm phong phú!', 'NGUYÊN LIỆU\nCá điêu hồng 1 con (khoảng 800g)\nTương hột vàng băm nhỏ 3M\nGừng cắt lát 30g\nTỏi bằm 1M\nỚt bằm 1M\nHành lá cắt nhỏ 2M\nHành tím phi 3M\nGia vị: Dầu ăn, tiêu sọ bể, đường\nĂn kèm: Cơm trắng\nTrang trí: Ngò rí\nNước tương  Nước tương \nBột ngọt  Bột ngọt AJI-NO-MOTO®', 'http://monngonmoingay.com/wp-content/uploads/2016/10/1410-Ca-Dieu-Hong-540-360.jpg', 'https://www.youtube.com/embed/Gx9yQorxOmQ?autoplay=1', '1. SƠ CHẾ:\r\n– Cá điêu hồng làm sạch cắt dọc hai đường trên thân cá sau đó cắt đôi, ướp vào 1M tiêu sọ bể, 2M nước tương “Phú Sĩ” để 15 phút cho cá thấm.\r\n– Tương hột bằm nhỏ.\r\n2. THỰC HIỆN:\r\nLàm nóng dầu, cho tỏi, ớt, gừng vào xào thơm, cho cá vào xào săn, trở đều hai mặt. Để gừng lát phía dưới, cá lên trên, cho vào 2 chén nước sôi, hạ lửa, nêm 1/2M đường, 1/2M bột ngọt AJI-NO-MOTO®, kho nhỏ lửa đến khi cá chín và thấm gia vị, tắt lửa, cho hành lá và hành phi vào.\r\n3. CÁCH DÙNG:\r\nMúc cá ra dùng kèm cơm trắng.\r\nMách nhỏ\r\n– Ướp cá với nước tương và tiêu bể để cá thấm và thơm ngon. \r\n– Lót gừng lát phía dưới để cá không bị dính đáy nồi khi kho.', 0, 0, 0, 1, 1),
(10, 'CANH CHUA TÔM CÀ RI', 'Một chút biến tấu từ món cà ri thông thường, Món Ngon Mỗi Ngày giới thiệu đến bạn một món ăn mới mang phong vị Ấn Độ đến bữa cơm gia đình. Món canh nóng bốc khói thơm ngào ngạt mùi cà ri, sả băm đặc trưng, hương vị đậm đà, chua cay của nước dùng cùng vị tôm ngọt dịu thật hoà hợp. Chúc các bạn thành công với món ăn chế biến đơn giản nhưng vô cùng hấp dẫn này!', 'NGUYÊN LIỆU\r\nTôm bạc đất 200g\r\nCà chua chín đỏ 2 trái\r\nHành tây 1/2 củ\r\nLá cà ry 10 lá\r\nCần tàu 10g\r\nSả bằm 1M\r\nỚt hiểm 5 trái\r\nNước me đặc 2M\r\nTỏi băm, sả băm\r\nGia vị: Dầu ăn, muối, đường, nước mắm, bột cà ri\r\nTrang trí: ngò rí\r\nĂn kèm: Cơm trắng hoặc bún tươi\r\nBột ngọt  Bột ngọt AJI-NO-MOTO®\r\nAji-ngon® Hạt nêm (hương vị heo) bổ sung canxi Hạt nêm (hương vị heo) bổ sung canxi', 'http://monngonmoingay.com/wp-content/uploads/2016/10/1410-Canh-chua-Tom-540-360.jpg', 'https://www.youtube.com/embed/wUB-8hrsE_8?autoplay=1', '1. SƠ CHẾ:\r\n– Tôm chẻ lưng, bỏ phần chỉ đen ở lưng tôm, ướp 1m đường, 1/2M bột cà ry, 1M hạt nêm Aji-ngon®, 1M nước mắm, trộn đều, để 15 phút cho tôm thấm gia vị.\r\n– Cà chua bỏ hạt, băm nhỏ. Hành tây cắt múi cau. Cần tàu, ngò rí cắt khúc 3cm. Ớt hiểm đập dập.\r\n2. THỰC HIỆN:\r\nNấu canh: Làm nóng dầu, cho tôm vào xóc chín, trút ra để riêng, cho tỏi bằm, sả bằm, lá cà ri vào xào thơm. Cho tiếp cà chua băm nhỏ, ớt hiểm xào sơ. Thêm 1.5 lít nước ấm vào nấu sôi, tiếp tục cho hành tây, tôm, nước me vào, nêm thêm 1m muối, 1/2M bột ngọt AJI-NO-MOTO®, 1M đường, 1/2M hạt nêm Aji-ngon®, nếm vị vừa ăn. Cho cần tàu vào trước khi ăn.\r\n3. CÁCH DÙNG:\r\nMúc canh ra tô, dùng nóng với cơm trắng hoặc bún.\r\nMách nhỏ\r\n– Ướp tôm với bột cà ri, nước mắm, hạt nêm Aji-ngon® trước để khi ăn tôm có vị đậm đà và thơm hơn.\r\n– Cho nước thật sôi mới cho tôm vào nấu để tôm săn chắc.', 0, 0, 0, 0, 0),
(28, 'CÀ BÁT OM THỊT BA CHỈ', 'Là một món ăn ngon với sự kết hợp của thịt và cà bát, là khúc biến tấu tuyệt vời cho bữa cơm trưa, lại đầy đủ dưỡng chất nữa, rất đơn giản và dễ thực hiện  ', '- Cà bát: 300g\r\n- Thịt ba chỉ: 200g\r\n- Riềng nhỏ: 1 củ\r\n- Nghệ tươi: 1 củ\r\n- Chanh: 1 trái\r\n- Lá tía tô: 1 ít\r\n- Cơm mẻ, hành lá, ớt, tỏi băm\r\n- Đường, tiêu, muối, nước mắm, dầu ăn\r\nHạt nêm (hương vị heo) bổ sung canxi Hạt nêm (hương vị heo) bổ sung canxi', 'http://monngonmoingay.com/wp-content/uploads/2015/08/IMG_0081-ca-bat-om-thit-ba-chi.png', '', '1. SƠ CHẾ:\r\n– Cà bát cắt múi cau, ngâm qua nước chanh cho trắng, vớt ra để ráo.\r\n– Riềng, nghệ gọt vỏ, băm nhỏ, vắt lấy nước cốt. Hành lá cắt khúc. Lá tía tô cắt dày 0,5cm.\r\n– Thịt ba chỉ cắt miếng dày 1cm, ướp hành tỏi, 1M nước riềng, 1M nước nghệ, 1M cơm mẻ, 1M nước mắm, 1m đường, 1m Hạt nêm Aji-ngon®, 1/2m tiêu.\r\n2. THỰC HIỆN:\r\n– Phi thơm hành tỏi, cho thịt vào xào lửa lớn cho thịt săn, thêm 1 chén nước, đảo đều cho thịt thấm gia vị, tiếp tục cho cà vào, thêm chút nước đậy vung, om cà vài phút cho chín, nêm lại vừa ăn, thêm hành lá và lá tía tô vào. Tắt bếp.\r\n3. CÁCH DÙNG:\r\n– Múc cà bát om thịt ba chỉ ra dĩa, trang trí ớt sợi và tía tô, dùng nóng với cơm trắng và nước mắm.\r\nMách nhỏ\r\n– Để món ăn có hương vị đặc trưng hơn, ta có thể sử dụng thêm mắm tôm.\r\n– Ngâm cà vào nước chanh để cà không bị thâm đen sau khi cắt.\r\n– Cà nhanh chín nên chỉ xào sơ rồi om', 0, 2, 0, 0, 0),
(29, 'BÁNH MÌ BÌ SÀI GÒN', 'Món ăn sáng phổ biến, vừa ngon vừa đảm bảo nguồn năng lượng học tập và làm việc cho mọi người, đặc biệt chế biến nhanh gọn, không tốn nhiều thời gian buổi sáng.', 'NGUYÊN LIỆU\r\n- Thịt nách hoặc thịt ba chỉ: 300g\r\n- Da heo: 150g\r\n- Thính: 3M\r\n- Bánh mì: 4 ổ\r\n- Nước dừa: 1 chén\r\n- Đồ chua, ớt, ngò rí, hành tỏi\r\n- Ớt, hành lá, đường, muối\r\n- Nước mắm, ngũ vị hương, dầu ăn\r\nGiấm gạo lên men  Giấm gạo lên men LISA®\r\nHạt nêm (hương vị heo) bổ sung canxi Hạt nêm (hương vị heo) bổ sung canxi', 'http://monngonmoingay.com/wp-content/uploads/2015/08/IMG_0055-banh-mi-bi-Sai-Gon.png', '', '1. SƠ CHẾ:\r\n– Hành tỏi ớt băm nhỏ, lấy 1 ít nước cốt hành tỏi. Phi thơm 1 ít tỏi.\r\n– Ướp thịt với 2m nước hành tỏi, 1/2m tiêu, 1/2m Hạt nêm Aji-ngon®, 1/3m ngũ vị hương, để thấm 30 phút.\r\n– Làm bì: da heo luộc qua nước có pha 1m Hạt nêm Aji-ngon® vừa chín tới vớt ra ngâm nước đá. Sau đó, nghiêng dao lạng thật mỏng rồi cắt sợi.\r\n– Làm mỡ hành: phi 2M dầu nóng chế vào chén đựng hành lá có 1 ít muối và khuấy đều.\r\n2. THỰC HIỆN:\r\n– Pha nước mắm: trộn đều 5M nước, 2M nước mắm,1M Giấm gạo lên men LISA®, 2M đường, 1 ít tỏi băm.\r\n– Đun nóng ít đầu, chiên thịt xém mắt, sau đó thêm nước dừa và nấu nhỏ lửa đến khi thịt chín, để nguội, cắt sợi cỡ cọng giá.\r\n– Trộn đều thịt, da, thính, tỏ băm, tỏi phi, 1/4m muối, 1/2m đường, 1/2m Bột ngọt AJI-NO-MOTO®.\r\n– Nướng lại bánh mì cho nóng, cắt dọc, phết mỡ hành, sau đó xếp bì, đồ chua, đầu hành, ngò rí, ớt cắt sợi. Chan nước mắm chua ngọt, kẹp lại.\r\n3. CÁCH DÙNG:\r\n– Dùng khi bánh mì còn nóng sẽ ngon hơn.\r\nMách nhỏ\r\n– Để thịt có độ giòn ngon hơn ta nên chọn phần thịt nách.\r\n– Nên để thịt thật nguội rồi mới cắt để thịt có sợi đẹp và không bị nát.', 0, 2, 0, 0, 0),
(30, 'BÁNH MÌ BÌ SÀI GÒN', 'Món ăn sáng phổ biến, vừa ngon vừa đảm bảo nguồn năng lượng học tập và làm việc cho mọi người, đặc biệt chế biến nhanh gọn, không tốn nhiều thời gian buổi sáng.', 'NGUYÊN LIỆU\r\n- Thịt nách hoặc thịt ba chỉ: 300g\r\n- Da heo: 150g\r\n- Thính: 3M\r\n- Bánh mì: 4 ổ\r\n- Nước dừa: 1 chén\r\n- Đồ chua, ớt, ngò rí, hành tỏi\r\n- Ớt, hành lá, đường, muối\r\n- Nước mắm, ngũ vị hương, dầu ăn\r\nGiấm gạo lên men  Giấm gạo lên men LISA®\r\nHạt nêm (hương vị heo) bổ sung canxi Hạt nêm (hương vị heo) bổ sung canxi', 'http://monngonmoingay.com/wp-content/uploads/2015/08/IMG_0055-banh-mi-bi-Sai-Gon.png', '', '1. SƠ CHẾ:\r\n– Hành tỏi ớt băm nhỏ, lấy 1 ít nước cốt hành tỏi. Phi thơm 1 ít tỏi.\r\n– Ướp thịt với 2m nước hành tỏi, 1/2m tiêu, 1/2m Hạt nêm Aji-ngon®, 1/3m ngũ vị hương, để thấm 30 phút.\r\n– Làm bì: da heo luộc qua nước có pha 1m Hạt nêm Aji-ngon® vừa chín tới vớt ra ngâm nước đá. Sau đó, nghiêng dao lạng thật mỏng rồi cắt sợi.\r\n– Làm mỡ hành: phi 2M dầu nóng chế vào chén đựng hành lá có 1 ít muối và khuấy đều.\r\n2. THỰC HIỆN:\r\n– Pha nước mắm: trộn đều 5M nước, 2M nước mắm,1M Giấm gạo lên men LISA®, 2M đường, 1 ít tỏi băm.\r\n– Đun nóng ít đầu, chiên thịt xém mắt, sau đó thêm nước dừa và nấu nhỏ lửa đến khi thịt chín, để nguội, cắt sợi cỡ cọng giá.\r\n– Trộn đều thịt, da, thính, tỏ băm, tỏi phi, 1/4m muối, 1/2m đường, 1/2m Bột ngọt AJI-NO-MOTO®.\r\n– Nướng lại bánh mì cho nóng, cắt dọc, phết mỡ hành, sau đó xếp bì, đồ chua, đầu hành, ngò rí, ớt cắt sợi. Chan nước mắm chua ngọt, kẹp lại.\r\n3. CÁCH DÙNG:\r\n– Dùng khi bánh mì còn nóng sẽ ngon hơn.\r\nMách nhỏ\r\n– Để thịt có độ giòn ngon hơn ta nên chọn phần thịt nách.\r\n– Nên để thịt thật nguội rồi mới cắt để thịt có sợi đẹp và không bị nát.', 0, 2, 0, 0, 0),
(31, 'HEO QUAY KHO MĂNG', 'Heo quay kho măng là món ăn ngon có sự kết hợp hài hòa của các nguyên liệu vừa giàu năng lượng vừa nhiều chất xơ, ngoài ra cách chế biến này còn để tái chế biến các món quay dùng không hết trong các bữa tiệc thành món ăn thơm ngon hấp dẫn, thích hợp dùng khi thời tiết đang giá lạnh.', 'NGUYÊN LIỆU\r\nHeo quay: 300g\r\nMăng vàng: 150g\r\nTrứng cút: 8 quả\r\nDừa xiêm: 1 trái\r\nTiêu, đường, dầu ăn\r\nỚt sừng, hành lá, tỏi băm\r\nNước tương LISA\r\nHạt nêm (hương vị heo) bổ sung canxi Hạt nêm (hương vị heo) bổ sung canxi', 'http://monngonmoingay.com/wp-content/uploads/2015/08/201205170432230000006_heo-quay-kho-mang-49an576.png', '', '1. SƠ CHẾ:\r\n– Thịt heo quay cắt miếng bản 2cm, ướp 1m tỏi băm, 1m hạt nêm Aji-ngon® và 1.5M nước tương LISA,1/3m tiêu.\r\n– Măng cắt khúc, khứa vào hai bên thân măng. Trứng cút luộc chín, bóc vỏ. Ớt sừng bỏ hạt, cắt khúc. Hành lá cắt khúc 4cm.\r\n2. THỰC HIỆN:\r\n– Phi thơm tỏi, xào sơ thịt và măng, cho nước dừa vào, thêm trứng cút, ớt sừng, kho nhỏ lửa đến khi thịt mềm, nước kho sánh lại là được.\r\n3. CÁCH DÙNG:\r\nCho món kho măng ra dĩa, rắc ít tiêu và hành lá lên trên, dùng nóng với cơm trắng.\r\nMách nhỏ\r\nNước tương LISA sẽ cho các món kho có màu sắc sáng đẹp.\r\nLựa măng có bản to, chắc, màu vàng sáng, không có mùi chua.', 0, 2, 0, 0, 0),
(32, 'HEO QUAY KHO MĂNG', 'Heo quay kho măng là món ăn ngon có sự kết hợp hài hòa của các nguyên liệu vừa giàu năng lượng vừa nhiều chất xơ, ngoài ra cách chế biến này còn để tái chế biến các món quay dùng không hết trong các bữa tiệc thành món ăn thơm ngon hấp dẫn, thích hợp dùng khi thời tiết đang giá lạnh.', 'NGUYÊN LIỆU\r\nHeo quay: 300g\r\nMăng vàng: 150g\r\nTrứng cút: 8 quả\r\nDừa xiêm: 1 trái\r\nTiêu, đường, dầu ăn\r\nỚt sừng, hành lá, tỏi băm\r\nNước tương LISA\r\nHạt nêm (hương vị heo) bổ sung canxi Hạt nêm (hương vị heo) bổ sung canxi', 'http://monngonmoingay.com/wp-content/uploads/2015/08/201205170432230000006_heo-quay-kho-mang-49an576.png', '', '1. SƠ CHẾ:\r\n– Thịt heo quay cắt miếng bản 2cm, ướp 1m tỏi băm, 1m hạt nêm Aji-ngon® và 1.5M nước tương LISA,1/3m tiêu.\r\n– Măng cắt khúc, khứa vào hai bên thân măng. Trứng cút luộc chín, bóc vỏ. Ớt sừng bỏ hạt, cắt khúc. Hành lá cắt khúc 4cm.\r\n2. THỰC HIỆN:\r\n– Phi thơm tỏi, xào sơ thịt và măng, cho nước dừa vào, thêm trứng cút, ớt sừng, kho nhỏ lửa đến khi thịt mềm, nước kho sánh lại là được.\r\n3. CÁCH DÙNG:\r\nCho món kho măng ra dĩa, rắc ít tiêu và hành lá lên trên, dùng nóng với cơm trắng.\r\nMách nhỏ\r\nNước tương LISA sẽ cho các món kho có màu sắc sáng đẹp.\r\nLựa măng có bản to, chắc, màu vàng sáng, không có mùi chua.', 0, 2, 0, 0, 0),
(34, 'CƠM CHIÊN XỐT TƯƠNG', 'Món ăn từ Nhật nhưng lại rất gần gũi với khẩu vị người Việt, mang hương vị độc đáo, thơm ngon, cách làm cũng rất đơn giản', '- Cơm trắng: 3 chén\r\n- Măng luộc: 100g\r\n- Đùi gà: 1 cái\r\n- Cà rốt: ½ củ\r\n- Đậu hũ chiên: ½ miếng\r\n- Cần tây, hành lá, hành boaro, ớt\r\n- Tiêu, đường, dầu ăn\r\n- Xốt tương LISA\r\nNước tương  Nước tương ', 'http://monngonmoingay.com/wp-content/uploads/2015/08/AGF-0082-com-chien-xot-tuong.png', 'https://www.youtube.com/embed/IudpXl-B3p8?autoplay=1', '1. SƠ CHẾ:\r\n– Măng luộc chín, cắt hạt lựu. Cà rốt cắt hạt lựu, trụng sơ qua nước sôi, để ráo.\r\n– Đùi gà luộc chín, gỡ lấy thịt, cắt hạt lựu. Đậu hũ chiên, cần tây cắt hạt lựu. Hành lá, hành boaro cắt nhỏ.\r\n2. THỰC HIỆN:\r\n– Pha xốt: trộn đều 2M xốt tương LISA với 2M nước tương LISA, 2M nước và 1m đường.\r\n– Phi thơm hành boaro, cho thịt gà, đậu hũ và cần tây vào xào, nêm 1M xố tương pha, trộn đều rồi cho cơm vào, nêm thêm xốt, chiên đến khi hạt cơm vừa săn thì tắt bếp.\r\n3. CÁCH DÙNG:\r\nCho cơm chiên ra dĩa, rắc thêm tiêu và hành lá, dùng kèm nước tương LISA và ớt cắt lát.\r\nMách nhỏ\r\nTrộn đều gia vị trước khi chiên sẽ giúp gia vị dễ thấm đều vào cơm hơn.', 20, 3, 1, 0, 0),
(55, 'BÁNH XÈO CUỐN ÁP CHẢO', 'Bánh xèo là một món bánh quen thuộc với người Việt Nam, nay có cách chế biến rất đặc biệt tạo thành món ăn mới hấp dẫn không kém, hương vị thơm ngon mà cách trình bày cũng rất đẹp mắt.', 'Thịt băm: 100g Tôm sú lột vỏ: 100g Bột bánh xèo: 1 gói Giá sống: 50g Măng luộc; 50g Cà rốt: 20g Hành lá, ngò rí Hành tỏi băm Ăn kèm: rau thơm, rau mầm, đồ chua, nước mắm chua ngọt Tiêu, đường, dầu ăn Hạt nêm (hương vị heo) bổ sung canxi Hạt nêm (hương vị heo) bổ sung canxi Bột ngọt  Bột ngọt AJI-NO-MOTO® Xốt Mayonnaise  Xốt Mayonnaise Aji-mayo®', 'http://monngonmoingay.com/wp-content/uploads/2015/08/IMG-0100-banh-xeo-cuon-ap-chao.png', 'https://www.youtube.com/embed/en_b1ad39sM?autoplay=1', '1. SƠ CHẾ: – Pha bột bánh xèo: trộn 900ml nước với 400g bột bánh xèo, nêm 1m hạt nêm Aji-ngon®, 1/3m bột ngọt AJI-NO-MOTO®, 1M hành lá cắt nhỏ. – Tôm sú cắt hạt lựu. Măng cắt sợi, vắt ráo. Cà rốt cắt sợi. Hành lá, ngò rí cắt nhỏ. 2. THỰC HIỆN: – Phi thơm hành tỏi, xào tôm, thịt, nêm 1m hạt nêm Aji-ngon®, 1m đường, 1m tiêu, cho măng, cà rốt và giá vào xào lửa lớn, thêm hành ngò, tắt lửa, thêm 1M xốt Mayonnaise Aji-Mayo®. – Chiên 8 cái bánh xèo không cần nhân, đường kính 18cm. Lần lượt cho nhân vào từng cái bánh xèo, cuốn lại như cuốn chả giò nhưng dẹp. Bề ngang 3cm, dài 6-7cm. – Trước khi ăn, áp chảo cuốn bánh xèo cho nóng giòn. 3. CÁCH DÙNG: Dùng nóng, ăn kèm với rau mầm, rau thơm, chấm nước mắm chua ngọt và đồ chua. Mách nhỏ Pha trước bột bánh xèo và để nơi không khí ẩm giúp bánh nở xốp. Xào nhân với lửa lớn để không bị ra nước, khi cuốn bánh sẽ giữa độ giòn lâu hơn.', 1, 2, 1, 0, 0),
(51, 'CANH SƯỜN NON TÁO ĐỎ', 'Chẳng có gì tuyệt vời hơn khi chào đón cả nhà với nhiều món ăn khoái khẩu, nhưng thỉnh thoảng hãy làm mọi người bất ngờ với những món lạ miệng như Canh sườn táo đỏ. Món canh thanh mát, miếng sườn mềm, đậm đà cộng với vị ngọt từ các loại rau củ chắc chắn sẽ làm cả nhà ngon miệng hơn đó.', 'Sườn non : 300g Táo đỏ (táo tàu) : 50g Cà rốt : 1 củ Bắp Mỹ : 1/3 trái Muối, đường Hành ngò Bột ngọt  Bột ngọt AJI-NO-MOTO® Hạt nêm (hương vị heo) bổ sung canxi Hạt nêm (hương vị heo) bổ sung canxi', 'http://monngonmoingay.com/wp-content/uploads/2015/08/canh-suon-non-tao-do-540-360.jpg', 'https://www.youtube.com/embed/fhlmhG7JHKs?autoplay=1', '1. SƠ CHẾ:\r\n–       Sườn non rửa sạch, chặt khúc vừa ăn, ướp 1/3M muối, 1/2M bột ngọt AJI-NO-MOTO®.\r\n–       Bắp Mỹ cắt khúc. Cà rốt tỉa hoa, cắt lát. Hành ngò cắt nhuyễn. Táo đỏ ngâm nở.\r\n2. THỰC HIỆN:\r\n–  Cho sườn vào hầm với 1.2 lít nước, nước sôi cho táo đỏ, bắp và cà rốt vào nêm 1M đường, 1M muối, 1M hạt nêm Aji-ngon®, 1M bột ngọt AJI-NO-MOTO® nấu đến khi các loại rau củ chín, tắt lửa, cho hành ngò vào.\r\n3. CÁCH DÙNG:\r\n–       Cho canh sườn ra tô, ăn kèm với cơm.\r\nMách nhỏ\r\nNgâm táo đỏ trước để táo sạch và nước dùng không bị sẫm màu.', 16, 2, 1, 0, 0),
(36, 'NUI XÀO GÀ', 'Nui xào gà là món điểm tâm đơn giản dễ thực hiện, rất tiện dụng cho các cháu mang đến trường vì món này ăn nóng hay nguội đều ngon mà vẫn đảm bảo dinh dưỡng.', 'Nui ống luộc chín: 400g\r\nĐùi gà lóc bỏ xương: 300g\r\nHành tây: 1 củ\r\nXốt cà hộp: 2M\r\nTiêu xay, ngũ vị hương, dầu phi tỏi\r\nTỏi băm, ngò rí, ớt sừng, dầu mè\r\nNước tương LISA\r\nBột ngọt  Bột ngọt AJI-NO-MOTO®\r\nHạt nêm (hương vị heo) bổ sung canxi Hạt nêm (hương vị heo) bổ sung canxi', 'http://monngonmoingay.com/wp-content/uploads/2015/08/IMG_0181-nui-xao-ga.png', 'https://www.youtube.com/embed/bLL9jSUBSUI?autoplay=1', '1. SƠ CHẾ:\r\n– Đùi gà ướp 1m tỏi băm, 2/3m Hạt nêm Aji-ngon®, 1/2m tiêu, 1m dầu mè, 1/3m ngũ vị hương, để thấm.\r\n– Hành tây cắt múi cau. Nui rưới 1 ít dầu phi tỏi, trộn đều\r\n2. THỰC HIỆN:\r\n– Làm nóng 1 ít dầu ăn, cho hành tây vào xào sơ, trút ra dĩa.\r\n– Xào nui, nêm 1M Nước tương LISA, 1/2m Bột ngọt AJI-NO-MOTO®, 1 ít dầu mè, cho tiếp xốt cà chua, hành tây, đảo đều khoảng 5 phút, tắt bếp. Múc nui ra dĩa.\r\n– Đun nóng dầu, cho gà vào chiên chín vàng 2 mặt.\r\n3. CÁCH DÙNG:\r\n– Xếp gà lên dĩa nui, thêm vài cọng ngò rí, hành tây.\r\nMách nhỏ\r\n– Không xào chung nui với hành tây vì sẽ làm cọng nui mềm.\r\n– Chiên gà nhanh, lửa lớn để gà săn và không bị khô.', 1, 3, 1, 0, 0),
(37, 'Cật heo xào bí ngòi', 'Đây là món ăn ngon, với cật heo bổ dưỡng cho thận có tác dụng bồi bổ cơ thể, và nhất là chế biến đơn giản, nhanh chóng.', '\r\nBí ngòi xanh: 1 trái\r\nBí ngòi vàng: 1 trái\r\nCật heo: 2 quả\r\nCà rốt: 1 củ\r\nHành lá: 2 cây\r\nNgò rí: 2 cây\r\nNước mắm, tỏi băm\r\nHạt nêm (hương vị heo) bổ sung canxi Hạt nêm (hương vị heo) bổ sung canxi', 'http://www.vnnavi.com/dishes/popup.html?./photos/5479.jpg', 'https://www.youtube.com/watch?v=IEYlTV5kFrg', 'Thực Hiện:\r\n1. Sơ chế\r\n- Bí ngòi rửa sạch, bỏ bớt ruột, cắt miếng vừa ăn. Cà rốt cắt sợi nhỏ. Ngò rí rửa sạch cắt nhỏ. Hành lá phần đầu trắng băm nhuyễn.\r\n- Cật heo cắt dọc, lạng bỏ phần trắng ở giữa, rửa sạch với muối, khứa xéo trên mặt trong của cật rồi cắt thành miếng nhỏ, ướp với 1/3m tiêu, 1/2m Hạt nêm Aji-ngon® và đầu hành trắng băm, để thấm.\r\n \r\n2. Xào cật heo\r\n- Phi thơm 1M tỏi băm, xào cật heo nhanh tay vài phút rồi cho cà rốt và bí ngòi vào, nêm 1/2M nước mắm, đảo đều, xào đến khi rau chín thì tắt bếp.\r\n \r\n3. Cách dùng\r\n- Cho cật heo xào bí ngòi ra dĩa, rắc tiêu, ngò rí lên trên, dùng nóng.\r\n \r\nMách nhỏ\r\n- Nên lọc bỏ phần trắng trong cật ra, rửa sạch với muối để cật thơm ngon và không bị mùi hôi.\r\n- Bí ngòi mau chín nên cho vào sau cùng, xào nhanh rồi tắt bếp ngay.', 1, 2, 1, 0, 0),
(41, 'BÚN RIÊU CUA XÍ QUÁCH', 'Bún riêu là món ăn truyền thống Việt Nam, nay được bổ sung thêm xí quách trở nên hấp dẫn hơn nữa, trong đó vị chua nhẹ của cà chua và giấm gạo Lisa hòa quyện cùng mùi mắm tôm đặc trưng, vị cua ngọt bùi cùng vị xí quách béo béo, chắc chắn làm hài lòng cả những thực khách khó tính nhất.', 'Cua xay: 500g\r\nGạch cua: 100g\r\nXương ống: 1kg\r\nHành tím: 100g\r\nCà chua: 4 trái\r\nHành lá, ngò gai: 150g\r\nMỡ có tóp mỡ: 1/2 chén\r\nMuối, đường, mắm tôm, dầu điều, nước mắm\r\nBún tươi, rau sống, ớt xay, chanh\r\nBột ngọt  Bột ngọt AJI-NO-MOTO®\r\nGiấm gạo lên men  Giấm gạo lên men LISA®\r\nHạt nêm (hương vị heo) bổ sung canxi Hạt nêm (hương vị heo) bổ sung canxi', 'http://monngonmoingay.com/wp-content/uploads/2015/08/IMG-0100-bun-rieu-cua-xi-quach.png', 'https://www.youtube.com/embed/Z_FcBGmG8Ic?autoplay=1', '1. SƠ CHẾ:\r\n– Xương ống nấu lấy 1 lít nước dùng, phần thịt gỡ để riêng.\r\n– Lọc cua xay với nước dùng, lọc tiếp với 1 lít nước. Thêm 0.5 lít nước vào xác cua đun sôi 3 phút, chắt lấy nước, để nguội.\r\n– Cà chua: 2 trái băm nhuyễn, 2 trái cắt múi cau. Hành lá, ngò gai cắt nhỏ. Bún trụng sơ.\r\n2. THỰC HIỆN:\r\n– Hòa tan nước cua với 2m hạt nêm Aji-ngon® và vài cục đá lạnh, đun với lửa lớn, thỉnh thoảng khuấy nhẹ dưới đáy nồi.\r\n– Trong khi chờ thịt cua đóng thành váng, xào cà chua băm với 1M dầu điều, xào cho cà chua vừa ráo nước thì tắt bếp, cho ra tô.\r\n– Phi thơm hành tím với mỡ, cho gạch cua vào, tắt lửa, đảo đều, cho ra tô.\r\n– Khi thấy thịt cua đóng thành váng, hạ lửa, để sôi riu riu, khi thịt cua nổi hết lên mặt, vớt ra để riêng.\r\n– Cho 1/2 lượng gạch phủ lên bề mặt váng cua, phần còn lại cho vào nồi nước cua.\r\n– Cho cà chua đã xào và xí quách vào nồi nước cua, nêm 1M bột ngọt AJI-NO-MOTO®, 1M muối, 1/2M nước mắm, 1M Giấm gạo lên men LISA®, 1m mắm tôm và 1/2m đường. Cuối cùng cho cà chua cắt múi cau vào.\r\n3. CÁCH DÙNG:\r\nCho bún ra tô, thêm váng cua, thịt xí quách, chan nước dùng, rắc hành lá và ngò gai lên trên. Dùng với rau sống, chanh ớt, mắm tôm hoặc nước.\r\nMách nhỏ\r\n– Nấu cua từ nước lạnh để nước cua trong hơn.\r\n– Ép bớt nước cua lúc váng cua còn nóng để váng cua được dẽ và chắc hơn.', 16, 9, 1, 0, 0),
(42, 'BÚN GIÒ HEO NẤU GIẤM', 'Là món ăn lạ miệng và rất được ưa thích ở miền Tây Nam bộ, giúp cân bằng lại sau những ngày bồi bổ đầy đủ dưỡng chất trong dịp lễ Tết, đảm bảo ăn không ngán và chế biến trong tích tắc.', 'Giò geo: 1/2kg\r\nBún tươi: 1kg\r\nHuyết: 300g\r\nCà chua: 2 trái\r\nCải trắng: 1 củ\r\nCà rốt: 1 củ\r\nHành tím băm, hành ngò, rau xà lách, rau thơm, giá\r\nTiêu, đường, màu dầu điều\r\nHạt nêm (hương vị heo) bổ sung canxi Hạt nêm (hương vị heo) bổ sung canxi\r\nGiấm gạo lên men  Giấm gạo lên men LISA®\r\nBột ngọt  Bột ngọt AJI-NO-MOTO®', 'http://monngonmoingay.com/wp-content/uploads/2015/08/IMG_0292-bun-gio-heo-nau-giam.png', 'https://www.youtube.com/embed/b-8E8z7IlkU?autoplay=1', '1. SƠ CHẾ:\r\n– Giò heo chặt miếng nhỏ, ướp với 1m hạt nêm Aji-ngon®, để thấm. Củ cải trắng, cà rốt tỉa hoa, cắt khúc dày 2cm.\r\n– Cà chua cắt múi cau. Huyết cắt miếng vuông. Hành ngò cắt nhỏ.\r\n2. THỰC HIỆN:\r\n– Phi thơm 1m hành tím băm với 1M dầu điều, cho giò heo vào xào sơ, nêm 1M Hạt nêm Aji-ngon®, 1/2m tiêu, 1M đường, tắt lửa.\r\n– Cho toàn bộ qua nồi áp suất, thêm 2 lít nước và cà rốt, củ cải trắng vào, nêm thêm 2/3 chén Giấm gạo lên men LISA®, 4M hạt nêm Aji-ngon®, 1M bột ngọt AJI-NO-MOTO® và 1M đường, đậy nắp nấu 7 phút.\r\n3. CÁCH DÙNG:\r\n– Trụng bún và rau, giá cho vào tô, chan nước dùng vào, rắc thêm hành ngò lên trên, ăn kèm chanh, ớt và nước mắm tùy khẩu vị.\r\nMách nhỏ\r\n– Nêm cả đường và giấm gạo sẽ giúp món ăn có vị chua ngọt hài hòa.\r\n– Hầm giò heo quá lâu sẽ bị nhừ và mất ngon.', 16, 2, 1, 0, 0),
(43, 'CANH SƯỜN HẠT SEN', 'Món canh thanh mát, giàu dinh dưỡng để tăng cường sức khỏe. Hạt sen giúp ngủ ngon, thêm bắp non, bông cải, cà rốt, nấm giàu vitamin các loại, thích hợp cho mọi thành viên trong nhà. Thật tuyệt khi thưởng thức nước canh trong veo mà ngọt xương cùng rau củ giòn mềm, thịt sườn non thấm vị vào những ngày trưa nóng.', 'Sườn non : 300g\r\nHạt sen tươi : 150g\r\nBắp non : 50g\r\nBông cải xanh : 100g\r\nCà rốt : 50g\r\nNấm hương : 5 tai\r\nTiêu, nước mắm, hành lá, ngò rí\r\nHạt nêm (hương vị heo) bổ sung canxi Hạt nêm (hương vị heo) bổ sung canxi', 'http://monngonmoingay.com/wp-content/uploads/2015/08/10_CanhSuonHatSen_CQC0401.png', 'https://www.youtube.com/embed/CkBJT0PzADY?autoplay=1', '1. SƠ CHẾ:\r\n–       Sườn non chặt miếng vừa cỡ 3cm, ướp 1m hạt nêm Aji-ngon® và một ít tiêu.\r\n–       Bắp non, bông cải, cà rốt cắt miếng vừa ăn. Nấm hương sơ chế sạch, cắt đôi.\r\n2. THỰC HIỆN:\r\n–       Đun sôi 1.5 lít nước, cho sườn vào nấu, nêm 1M hạt nêm Aji-ngon®, nấu sườn khoảng 15 phút, cho bắp non vào, cà rốt, hạt sen, nấm hương vào, cuối cùng cho bông cải nấu vừa chín. Tắt lửa, thêm 1/2M nước mắm, hành ngò.\r\n3. CÁCH DÙNG:\r\n–       Múc canh ra tô, rắc thêm tiêu. Dọn kèm nước mắm nguyên chất và ớt cắt lát. Dùng với cơm.\r\nMách nhỏ\r\nChọn sườn non dầy thịt, ít mỡ, cọng xương nhỏ, nhiều sụn giúp món ăn ngon hơn.\r\nChọn hạt sen tươi có bên ngoài trắng, sáng, không bị thâm là hạt sen ngon.', 16, 2, 1, 0, 0),
(44, 'ĐẬU HŨ NHỒI XỐT ME', 'Đậu hũ nhồi là một món ăn chay quen thuộc, với vị xốt me chua ngọt hài hòa, vị đậm đà của đậu hũ kết hợp với các nguyên liệu rau củ khác sẽ giúp cho gia đình bạn có một bữa cơm chay ngon miệng.', 'Đậu hũ chiên: 2 miếng\r\nNấm mèo: 2M\r\nNấm hương: 1M\r\nBún tàu: 2M\r\nNước me: 1 chén\r\nĐậu phộng: 30g\r\nNgò rí: 3 cây\r\nỚt sừng: 1 trái\r\nỚt băm: 1M\r\nHành boarô: 1 khúc\r\nMuối, tiêu, đường, bột năng, dầu ăn\r\nNước tương LISA\r\nBột ngọt  Bột ngọt AJI-NO-MOTO®', 'http://monngonmoingay.com/wp-content/uploads/2015/08/IMG-0223-dau-hu-nhoi-xot-me.png', 'https://www.youtube.com/embed/BMaEbnEyWaM?autoplay=1', '1. SƠ CHẾ:\r\n– Nấm mèo, nấm hương ngâm nở, cắt sợi. Bún tàu ngâm mềm, cắt khúc ngắn.\r\n– Hành boaro cắt nhỏ. Ngò rí cắt nhỏ. Ớt sừng cắt khúc. Đậu hũ cắt đôi, lấy bớt ruột bên trong để riêng.\r\n– Trộn đều ruột đậu hũ với nấm mèo, nấm hương, bún tàu, ngò rí, 2M bột năng, nêm 2/3m muối, 1/2 m bột ngọt AJI-NO-MOTO®và ít tiêu. Nhồi nhân vào từng miếng đậu hũ.\r\n2. THỰC HIỆN:\r\n– Phi thơm hành boaro, thêm 1 chén nước và 1 chén nước me, nêm 2/3m muối, 2/3 chén đường, 1m nước tương LISA, đun sôi sau đó cho đậu hũ vào rim nhỏ lửa đến khi nước me hơi sánh lại là được.\r\n3. CÁCH DÙNG:\r\nCho đậu hũ ra dĩa, rắc thêm đậu phộng rang, ớt băm và lá boarô. Dùng nóng với cơm trắng.\r\nMách nhỏ\r\nThêm bột năng vào nhân để tăng độ kết dính.\r\nXốt me nên pha loãng để khi rim, gia vị có đủ thời gian thấm vào đậu hũ', 22, 2, 1, 0, 0),
(45, 'KHAI VỊ ĐẦU XUÂN', 'Khai vị đầu xuân là món ăn, chế biến đơn giản và dễ thực hiện, món “Khai vị đầu xuân” giúp bạn có thêm 1 món “thức ăn nhanh” để tiếp đãi bạn bè tới thăm ngày Tết.', 'Sandwich: 4 miếng\r\nTrứng vịt bắc thảo: 2 quả\r\nThịt nguội: 4 lát\r\nTôm khô: 20g\r\nCủ kiệu: 40g\r\nXà lách xanh: 4 lá\r\nXốt Mayonnaise LISA', 'http://monngonmoingay.com/wp-content/uploads/2015/08/IMG-0252-khai-vi-dau-xuan1.png', 'https://www.youtube.com/embed/JOO10PCBn-M?autoplay=1', '1. SƠ CHẾ:\r\n– Tôm khô ngâm mềm trong nước ngâm củ kiệu. Củ kiệu chẻ đôi. Trứng bắc thảo luộc sơ, lột vỏ, cắt dọc thành 6 múi cau nhỏ.\r\n– Sandwich nướng vàng, cắt bỏ rìa rồi cắt làm tư. Thịt nguội cắt làm tư. Xà lách rửa sạch, xé nhỏ.\r\n2. THỰC HIỆN:\r\n– Cuộn miếng thịt nguội thành hình loa kèn, cho trứng bắc thảo, tôm khô và củ kiệu vào trong. Phết 1 lớp mỏng xốt Mayonnaise LISA lên miếng sandwich, xếp lên 1 lá xà lách rồi đặt cuộn thịt nguội lên trên, bắt xốt Mayonnaise LISA theo hình zic zac lên cùng, trang trí với 1 con tôm khô.\r\n3. CÁCH DÙNG:\r\n– Xếp sandwich ra dĩa lót giấy hoa, dùng khai vị.\r\nMách nhỏ\r\n– Thoa lên dao ít nước trước khi cắt trứng để trứng không bị dính vào dao. Nướng bánh xong rồi cắt sẽ giữ được độ xốp của bánh.\r\n– Ngoài hai thành phần chính là sandwich và mayonnaise, có thể thay đổi các nguyên liệu còn lại tùy thích.\r\n– Không nên nướng bánh mì trước như vậy sẽ bị dai và khô không ngon', 22, 2, 8, 0, 0),
(46, 'VIÊN MÈ CHIÊN GIÒN', 'Món ăn này có hình thức rất ngộ nghĩnh, và đặc biệt, được chấm kèm với một loại xốt đặc biệt không kém, đó chính là xốt Mayonnaise Aji-Mayo® Ngọt Dịu. Xốt pha với các loại trái cây sẽ có vị ngọt ngọt đặc trưng hương sữa của xốt Mayonnaise Aji-Mayo® Ngọt Dịu, thơm thơm vị nước cốt cam, bùi bùi vị chuối, đảm bảo không chỉ các em bé mà người nhà bạn cũng sẽ thích mê cho xem.', 'Thịt heo băm: 100g\r\nMè trắng: 30g\r\nMè đen: 10g\r\nGiò sống: 30g\r\nCà rốt băm nhỏ: 1M\r\nTrứng cút: 8 quả\r\nHành lá: 1 cây\r\nChuối cau: 1/2 quả\r\nCam mật: 1 trái\r\nSữa chua không đường\r\nGia vị: bột năng, dầu ăn, hành tím băm\r\nXốt Mayonnaise Mayonnaise Aji-mayo® Ngọt Dịu Ngọt Dịu', 'http://monngonmoingay.com/wp-content/uploads/2015/08/Vien-me-chien-gion-540-360.jpg', 'https://www.youtube.com/embed/sLVLzn92h2g?autoplay=1', '1. SƠ CHẾ:\r\n– Trộn đều thịt heo, giò sống, cà rốt, hành lá, 5g mè trắng và 5g mè đen, nêm 1M hành băm, 1/3M tiêu, 1/3M hạt nêm Aji-ngon® và 1m bột năng, để thấm.\r\n– Hành lá cắt nhỏ. Chuối cau cắt nhỏ. Cam vắt lấy nước. Trứng cút luộc chín, bóc vỏ.\r\n– Bọc đều hỗn hợp bên ngoài từng quả trứng cút, sau đó lăn qua mè.\r\n2. THỰC HIỆN:\r\n– Đun nóng dầu ăn, chiên viên mè chín vàng, vớt ra để ráo dầu.\r\n– Pha xốt: Trộn đều chuối xắt hạt lựu, 1m nước cam, 1M sữa chua không đường và 2M xốt Mayonnaise Aji-Mayo® Ngọt Dịu.\r\n3. CÁCH DÙNG:\r\nXếp viên mè ra dĩa, chấm kèm xốt pha.\r\nMách nhỏ\r\n– Sử dụng cam mật để xốt có hương vị đặc trưng.\r\n– Lăn viên thịt vào mè trắng và mè đen tạo hương vị độc đáo và hình thức đẹp mắt cho món ăn.', 20, 2, 1, 0, 0),
(47, 'CÀ TÍM NHỒI THỊT ÁP CHẢO', 'Cà tím là một loại thực phẩm giàu vitamin PP và loại vitamin này có tác dụng tích cực đối với làn da, giúp cho da luôn mịn màng và tươi trẻ. Ngoài món cà tím nường quen thuộc, hôm nay các chị em hãy cùng vào bếp thực hiện món Cà tím nhồi thịt áp chảo nhé.', 'Cà tím: 2 trái\r\nThịt xay: 150g\r\nGiò sống: 30g\r\nLá lốt: 10 miếng\r\nHành tây băm: 2M\r\nỚt sừng cắt hạt lựu: 1M\r\nNgò rí\r\nDầu ăn, tiêu, muối, đường, bột năng, tỏi băm\r\nHạt nêm (hương vị heo) bổ sung canxi Hạt nêm (hương vị heo) bổ sung canxi\r\nNước tương  Nước tương ', 'http://monngonmoingay.com/wp-content/uploads/2015/08/201210110919130000006_mn-ngon-mi-ngy-ca-tim-nhoi-thit-ap-chao-1.jpg', 'https://www.youtube.com/embed/oosdK1HaRPY?autoplay=1', '1. SƠ CHẾ:\r\n– Cà tím cắt đôi theo chiều dọc, bỏ ruột. Lá lốt cắt sợi. Pha 1m bột năng với ít nước.\r\n– Trộn thịt xay, giò sống với lá lốt, ướp 1m hạt nêm Aji-ngon®, 1/3m tiêu, để thấm.\r\n– Cho ít tiêu và hạt nêm vào cà tím, sau đó rải ít bột năng vào, nhồi thịt vào trong cà tím.\r\n2. THỰC HIỆN:\r\n– Đun nóng ít dầu ăn, úp mặt thịt xuống trước, áp chảo cà tím vàng mặt, vớt ra để ráo.\r\n– Phi thơm tỏi băm, hành tây và ớt sừng, thêm 2M nước tương “Phú Sĩ”, 1 chén nước, 1m hạt nêm Aji-ngon®, 1m đường, 1m muối, nấu tan, thêm nước bột năng vào làm sệt.\r\n3. CÁCH DÙNG:\r\nXếp cà tím ra dĩa, chan nước xốt lên trên, trang trí ngò rí, dùng với cơm trắng.\r\nMách nhỏ\r\n– Rắc bột năng vào bên trong giúp thịt dính và không bị rời ra khỏi cà tím khi áp chảo.\r\n– Lá lốt giúp tăng mùi vị và làm món ăn đẹp mắt hơn.', 1, 2, 1, 0, 0),
(56, 'Canh khoai rau đắng', 'Canh khoai rau đắng vừa ngon lại vừa có tác dụng thanh nhiệt, rất thích hợp cho những ngày hè nóng bức.', 'Khoai lang: 150g Khoai mỡ: 150g Rau đắng: 100g Thịt nạc dăm xay: 100g Rau om, ngò gai Hành tím băm, tiêu Hạt nêm (hương vị heo) bổ sung canxi Hạt nêm (hương vị heo) bổ sung canxi', 'http://monngonmoingay.com/wp-content/uploads/2015/08/IMG-9751-canh-khoai-rau-dang.png', 'https://www.youtube.com/embed/xsWVsGIPmcA?autoplay=1', '1. SƠ CHẾ: – Khoai mỡ rửa sạch, cắt sợi mỏng. Khoai lang gọt vỏ, cắt khối vuông vừa ăn, ngâm vào nước có pha ít muối, trước khi nấu vớt ra để ráo. Rau đắng lặt rửa sạch, cắt khúc ngắn. Rau om, ngò gai rửa sạch, cắt nhỏ. – Thịt bằm ướp với 1/2m hạt nêm Aji-ngon®, 1M hành tím băm 1/2m tiêu và 1M nước, để thấm 2. THỰC HIỆN: Đun sôi 1 lít nước, cho thịt bằm vào khuấy đều, hớt sạch bọt. Cho khoai lang vào nấu khoảng 3 phút rồi thêm khoai mỡ, đun nhỏ lửa 5 phút đến khi khoai chín mềm, nêm 1,5M hạt nêm Aji-ngon®, nếm vị vừa ăn. Cuối cùng cho rau đắng vào, đợi nước sôi lại thì tắt bếp. 3. CÁCH DÙNG: Múc canh ra tô, rắc rau om, ngò gai và tiêu lên trên, dùng nóng với cơm. Mách nhỏ – Rau đắng cho vào sau cùng sẽ giòn mà không bị đắng. – Thịt băm tán nhuyễn với ít nước trước khi cho vào nồi canh, thịt sẽ không bị vón cục.', 16, 2, 1, 0, 0),
(57, 'CANH BÍ ĐAO NẤU SƯỜN NON', 'Một món ăn thân quen hàng ngày và dễ làm, canh bí đao phù hợp với thời tiết nóng vì bí có tính hàn giúp làm mát cơ thể.', 'Sườn non: 200g Bí đao: 1 trái Hành tím: 3 củ Hành lá, ngò rí, tiêu Hạt nêm (hương vị heo) bổ sung canxi Hạt nêm (hương vị heo) bổ sung canxi', 'http://monngonmoingay.com/wp-content/uploads/2015/08/AGF-1791-canh-bi-dao-nau-suon-non.png', 'https://www.youtube.com/embed/B_8QOw49b8o?autoplay=1', '1. SƠ CHẾ: – Bí đao gọt vỏ, chẻ làm tư, cắt bớt ruột rồi cắt thành miếng dày khoảng 1cm. – Sườn non chặt khúc dài 2cm, ướp với 1m hạt nêm Aji-ngon® và 1/2m tiêu và 1 ít hành tím đập dập, băm nhỏ, để thấm 15 phút. – Hành lá, ngò rí rửa sạch, rễ ngò và đầu hành lá đập dập, để riêng, lá hành và ngò cắt nhỏ. 2. THỰC HIỆN: – Đun sôi 1 lít nước, cho sườn non, rễ ngò vào, đợi sôi lại, giảm nhỏ lửa hầm xương khoảng 15 phút cho ra chất ngọt. Cho bí đao vào nấu đến khi bí vừa chín tới, nêm 1,5M hạt nêm Aji-ngon®, nếm vị vừa ăn rồi tắt bếp. 3. CÁCH DÙNG: – Múc canh bí ra tô, rắc hành lá, ngò rí và tiêu lên, dùng nóng với cơm.. Mách nhỏ – Bí đao chọn bí già sẽ ngọt hơn, nên cắt bỏ bớt ruột bí để khi nấu xong canh không bị chua. – Đầu hành và rễ ngò cho vào nước hầm xương sẽ thơm hơn.', 16, 2, 1, 0, 0),
(58, 'LẨU XÍ QUÁCH CHUA CAY', 'Chẳng còn gì tuyệt hơn khi được xì xụp húp món Lẩu xí quách chua cay cùng bạn bè khi ngoài trời mưa tầm tã. Nấu xí quách ngon như ngoài tiệm đơn giản hơn bạn nghĩ. Cùng xem và vào bếp thực hành ngay nhé!', 'Xương cổ heo : 400g Đậu hũ chiên : 1 miếng Cà chua : 2 trái Nấm rơm cắt chữ thập trên đầu : 100g Sả : 4 cây Hành tím : 10 củ Ớt hiểm : 2 trái Riềng cắt sợi : 15g Chanh Bắc cắt sợi : 5 lá Sữa tươi không đường : 1 chén Lá quế : 3 nhánh Bún tươi Rau nhút, bông bí, kèo nèo, bông thiên lý, nấm bào ngư, bông so đũa Dầu ăn, nước mắm Aji-Quick® Gia vị nêm sẵn Lẩu Thái Gia vị nêm sẵn Lẩu Thái', 'http://monngonmoingay.com/wp-content/uploads/2015/08/CQC8312_LauXiQuach.png', 'https://www.youtube.com/embed/J-5rpA3QzF4?autoplay=1', '1. SƠ CHẾ: –       Xương heo rửa sạch để ráo, chần qua nước sôi. –       Sả cây cắt khúc đập dập. Hành tím, ớt đập dập. Cà chua cắt múi cau. Lá chanh cắt sợi. Lá quế cắt nhỏ. –       Đậu hũ chiên cắt miếng vuông 2cm. 2. THỰC HIỆN: –       Phi thơm sả, hành tím và ớt hiểm, cho tiếp nấm rơm, xương heo vào xào săn. Cho 1.5 lít nước vào nấu sôi, cho một gói Aji-Quick® Gia vị nêm sẵn Lẩu Thái vào, cho riềng vào nấu cùng đến khi xương chín mềm. Cho cà chua, đậu hũ chiên vào, nấu thêm 10 phút. Tắt lửa, cho lá chanh, lá quế và sữa tươi vào. 3. CÁCH DÙNG: –       Múc nước dùng ra nồi lẩu, ăn kèm với bún, các loại rau, chấm nước mắm và ớt cắt lát. Mách nhỏ Xào xương heo với sả và hành tím để xương có mùi thơm. Cho sữa tươi để tạo vị béo đặc trưng cho món ăn.', 10, 2, 3, 0, 0),
(59, 'SALAD ỔI', 'Sự kết hợp của ổi với các nguyên liệu khác, và xốt Aji mayo tạo ra món ăn salad thật đặc sắc, mới lạ, hơn nữa sự kết hợp của me và đường thốt nốt, vỏ chanh cũng là những điều đặc biệt tạo sự mới lạ của món ăn, ổi còn có tác dụng chữa một số bệnh về đường ruột, ho, cảm, các bệnh về da, các trường hợp cao huyết áp, béo phì,..', 'Ổi giòn: 800g Tôm sú: 200g Thịt ba rọi xông khói: 100g Chanh vàng: 1 trái Ớt xanh, ớt sừng: 4 trái Hành phi, húng lủi, mè trắng rang Đường, muối, dầu ăn Xốt Mayonnaise  Xốt Mayonnaise Aji-mayo®', 'http://monngonmoingay.com/wp-content/uploads/2015/08/0149-salad-oi.png', 'https://www.youtube.com/embed/2Mrd2FHpI_E?autoplay=1', '1. SƠ CHẾ: – Ổi gọt vỏ, bỏ ruột, cắt lát mỏng, ướp 1M đường, để thấm 3 phút, chắt bỏ nước. – Tôm rang muối, bóc vỏ, cắt đôi. Thịt ba rọi xông khói cắt sợi, chiên giòn với ít dầu, vớt ra để ráo. – Chanh vàng mài lấy 1m vỏ chanh sau đó vắt lấy nước. Ơt xanh đập dập, ớt sừng cắt sợi. Húng lủi cắt nhỏ. 2. THỰC HIỆN: – Pha nước trộn: Trộn đều 2M nước chanh, 1M đường, 1/3m muối, 1m vỏ chanh mài, ớt cắt sợi và ớt xanh đập dập. – Trộn đều ổi, tôm, thịt ba rọi xông khói, nước trộn, húng lủi và 1M xốt mayonnaise “Aji-mayo”. 3. CÁCH DÙNG: Trình bày món salad ra dĩa, rắc thêm hành phi và mè trắng rang. Mách nhỏ – Chọn ổi có vỏ màu xanh sáng, sần đều, cứng sẽ có độ giòn. – Thịt ba rọi xông khói chiên trước khi trộn salad sẽ giòn và ngon hơn.', 22, 2, 3, 0, 0),
(60, 'BÚN THỊT XÀO SẢ ỚT', 'Bún thịt xào sả ớt là món ăn cân bằng dinh dưỡng vừa có bột, đạm, béo và có cả chất xơ, Vitamin từ các loại rau có thể dùng hàng ngày hoặc các buổi tiệc.', 'Thịt nạc dăm: 300g Đậu phụng rang giã: 50g Bún tươi: 800g Giá: 100g Rau thơm: 100g Hành tây: 1 củ nhỏ Dưa leo: 1 trái Mỡ hành, tỏi băm, sả băm Ớt băm, nước cốt chanh Muối, tiêu, đường Nước mắm, dầu ăn Giấm gạo lên men  Giấm gạo lên men LISA® Hạt nêm (hương vị heo) bổ sung canxi Hạt nêm (hương vị heo) bổ sung canxi', 'http://monngonmoingay.com/wp-content/uploads/2015/08/AGF-1644-bun-thit-xao-sa-ot1.png', 'https://www.youtube.com/embed/WOU85I5QoqM?autoplay=1', '1. SƠ CHẾ: – Thịt cắt lát dày 0,3cm, ướp với 1M sả băm, 2m ớt băm, 1m tỏi băm, 1/2m tiêu, 1/2m đường, 1/2M hạt nêm Aji-ngon®, 1m nước mắm, để thấm khoảng 10 phút. – Hành tây cắt múi cau. Rau thơm cắt nhỏ. Dưa leo cắt sợi 2. THỰC HIỆN: – Phi thơm 1/2M sả và 1M tỏi, cho thịt vào xào khoảng 5 phút, thêm hành tây vào đảo đều, nêm ít hạt nêm Aji-ngon® cho vừa ăn rồi tắt bếp. – Pha nước mắm: trộn đều 1M Giấm gạo lên men LISA® với 2M đường, 2M nước mắm, 1 ít nước cốt chanh, 2/3 chén nước đun sôi để nguội, 1m ớt băm và 1m tỏi băm. 3. CÁCH DÙNG: Xếp giá, bún, rau thơm, dưa leo và thịt xào vào tô, rắc thêm đậu phụng, mỡ hành, khi ăn chan nước mắm pha vào trộn đều. Mách nhỏ – Giã sả, ớt, tỏi khi ướp thịt sẽ thấm gia vị hơn. – Không cắt rau thơm trước, vì như thế rau sẽ bị thâm đen và không ngon. – Xào thịt heo trên lửa lớn để thịt heo không ra nước và giữ độ ngọt tự nhiên', 1, 2, 1, 0, 0),
(61, 'BÚN THỊT XÀO SẢ ỚT', 'Bún thịt xào sả ớt là món ăn cân bằng dinh dưỡng vừa có bột, đạm, béo và có cả chất xơ, Vitamin từ các loại rau có thể dùng hàng ngày hoặc các buổi tiệc.', 'Thịt nạc dăm: 300g Đậu phụng rang giã: 50g Bún tươi: 800g Giá: 100g Rau thơm: 100g Hành tây: 1 củ nhỏ Dưa leo: 1 trái Mỡ hành, tỏi băm, sả băm Ớt băm, nước cốt chanh Muối, tiêu, đường Nước mắm, dầu ăn Giấm gạo lên men  Giấm gạo lên men LISA® Hạt nêm (hương vị heo) bổ sung canxi Hạt nêm (hương vị heo) bổ sung canxi', 'http://monngonmoingay.com/wp-content/uploads/2015/08/AGF-1644-bun-thit-xao-sa-ot1.png', 'https://www.youtube.com/embed/WOU85I5QoqM?autoplay=1', '1. SƠ CHẾ: – Thịt cắt lát dày 0,3cm, ướp với 1M sả băm, 2m ớt băm, 1m tỏi băm, 1/2m tiêu, 1/2m đường, 1/2M hạt nêm Aji-ngon®, 1m nước mắm, để thấm khoảng 10 phút. – Hành tây cắt múi cau. Rau thơm cắt nhỏ. Dưa leo cắt sợi 2. THỰC HIỆN: – Phi thơm 1/2M sả và 1M tỏi, cho thịt vào xào khoảng 5 phút, thêm hành tây vào đảo đều, nêm ít hạt nêm Aji-ngon® cho vừa ăn rồi tắt bếp. – Pha nước mắm: trộn đều 1M Giấm gạo lên men LISA® với 2M đường, 2M nước mắm, 1 ít nước cốt chanh, 2/3 chén nước đun sôi để nguội, 1m ớt băm và 1m tỏi băm. 3. CÁCH DÙNG: Xếp giá, bún, rau thơm, dưa leo và thịt xào vào tô, rắc thêm đậu phụng, mỡ hành, khi ăn chan nước mắm pha vào trộn đều. Mách nhỏ – Giã sả, ớt, tỏi khi ướp thịt sẽ thấm gia vị hơn. – Không cắt rau thơm trước, vì như thế rau sẽ bị thâm đen và không ngon. – Xào thịt heo trên lửa lớn để thịt heo không ra nước và giữ độ ngọt tự nhiên', 1, 2, 1, 0, 0),
(62, 'GÀ CHIÊN XỐT TÁO', 'Bạn phải thừa nhận là không chỉ có con trẻ, mà ngay cả người lớn đôi khi cũng thích những miếng gà chiên thật hấp dẫn đúng không? Nếu bạn e ngại các vấn đề về sức khỏe với thức ăn nhanh thì có thể tự tay thực hiện và làm mới món gà chiên với chương trình Món Ngon Mỗi Ngày kỳ này. Nào, cùng bắt tay thực hiện món Gà Chiên Xốt Táo nhé.', 'Cánh gà : 500g Nước táo hộp : 200ml Hành tây cắt hạt lựu : 30g Táo cắt hạt lựu : 1 trái Tỏi băm : 1m Nước tỏi : 2m Nước bột năng Xà lách Dầu ăn, tiêu, tương ớt, dầu điều Hạt nêm (hương vị heo) bổ sung canxi Hạt nêm (hương vị heo) bổ sung canxi', 'http://monngonmoingay.com/wp-content/uploads/2015/08/9_CQC1648_GaChienXotTAo.png', 'https://www.youtube.com/embed/4DgUXqq93SY?autoplay=1', '1. SƠ CHẾ: –       Cánh gà cắt đôi, dùng nĩa xăm lên gà, ướp gà với 2m nước tỏi, 1m hạt nêm Aji-ngon®, 1/2m tiêu, 4M nước táo, để 15 phút cho thấm. 2. THỰC HIỆN: –       Phi thơm tỏi và hành tây, cho nước táo và táo cắt hạt lựu vào nêm 1M dầu điều, 1M tương ớt, 1m hạt nêm Aji-ngon® và nước bột năng vào khuấy nhanh, tắt lửa. –       Đun nóng dầu trong chảo, cho cánh gà vào chiên xâm xấp dầu đến khi cánh gà chín vàng, vớt ra để ráo dầu. 3. CÁCH DÙNG: –       Xếp cánh gà ra dĩa rưới xốt táo lên trên. Mách nhỏ Dùng nĩa xăm cánh gà trước khi ướp giúp gia vị dễ thấm vào trong. Ướp gà với nước táo giúp thịt gà săn chắc và có vị đặc trưng.', 20, 3, 1, 0, 0),
(63, 'GÀ RIM NƯỚC TƯƠNG CÀ', 'Là món ăn ngon phù hợp với thời tiết cuối năm, có thể ăn cùng với bánh mì hoặc cơm đều ngon, trong đó mùi thơm của nước tương kèm theo vị chua chua của xốt cà, thịt gà thơm ngọt sẽ góp phần làm cho không khí gia đình những ngày cuối năm thêm ấm cúng, sum vầy.', 'Cánh gà: 500g Hành tím băm: 2M Cà chua: 2 trái Ớt hiểm: 2 trái Ơt sợi, gừng sợi, ngò rí Ăn kèm: xà lách, dưa leo Đường, muối, tiêu, xốt cà chua, dầu ăn Nước tương LISA Hạt nêm (hương vị heo) bổ sung canxi Hạt nêm (hương vị heo) bổ sung canxi', 'http://monngonmoingay.com/wp-content/uploads/2015/08/IMG-0217-GaRimNuocTuongCa.png', 'https://www.youtube.com/embed/lkA7MzurLzs?autoplay=1', '1. SƠ CHẾ: – Cánh gà chặt vừa ăn, ướp 1M hành tím băm, 1M gừng sợi, 1m hạt nêm Aji-ngon, 1/2m muối, 1/2m tiêu và 1/2M Nước tương LISA, để thấm. – Cà chua bỏ hạt, băm nhỏ. Ơt hiểm đập dập. Xà lách, dưa leo rửa sạch, cắt lát, xếp ra dĩa. 2. THỰC HIỆN: – Đun nóng 4-5M dầu, áp chảo gà cho săn, đổ dầu dư ra chén. – Cho 1M hành tím vào với gà, cho thêm cà chua băm, nêm 1M xốt cà chua, 1/2M đường, 1M Nước tương LISA, 1/2 chén nước, ớt hiểm, nấu sôi 2 phút, rim lửa vừa đến khi gà thấm gia vị là được. 3. CÁCH DÙNG: Trình bày món ăn ra dĩa, thêm ớt sợi, gừng sợi và ngò rí. Dùng nóng với cơm hoặc bánh mì, ăn kèm xà lách, dưa leo. Mách nhỏ – Nước tương LISA giúp thịt gà có màu vàng nâu và thơm ngon hơn. – Sự kết hợp nước tương và cà chua trong nước xốt giúp món ăn có hương vị ngon và mới lạ hơn.', 2, 3, 1, 0, 0),
(64, 'GÀ NƯỚNG BƯỞI XỐT GIẤM', 'Gà nướng bưởi xốt giấm là món ăn ngon, giàu vitamin. Ngoài ra bưởi có tác dụng bổ dưỡng cơ thể, phòng và chữa một số bệnh như cao huyết áp, tiểu đường.', 'Thịt ức gà: 300g Bưởi năm roi: 1/2 trái Xà lách lolo: 1 cây Hành tây: 1/4 củ Tỏi băm, ớt cắt sợi, nước nghệ tươi Đường, muối, dầu ăn Hạt nêm (hương vị heo) bổ sung canxi Hạt nêm (hương vị heo) bổ sung canxi Giấm gạo lên men  Giấm gạo lên men LISA®', 'http://monngonmoingay.com/wp-content/uploads/2015/08/IMG-0133-ga-nuong-buoi-xot-giam.png', 'https://www.youtube.com/embed/r9CQxDQj1Gc?autoplay=1', '1. SƠ CHẾ: – Thịt gà cắt lát dày 1cm, ướp 1M nước nghệ, 1 ít tiêu, 1m hạt nêm Aji-ngon®, để thấm. – Bưởi bóc vỏ, tách thành tép nhỏ. Xà lách cắt nhỏ. Ớt, hành tây cắt sợi. 2. THỰC HIỆN: – Xay nhuyễn hỗn hợp gồm: 1M Giấm gạo lên men LISA®, 3M nước, 1M đường, 1m muối, 2m tỏi băm, hành tây. – Đun nóng chảo với ít dầu ăn, sau đó áp chảo đến khi thịt gà chín vàng. 3. CÁCH DÙNG: – Xếp gà và bưởi tách miếng ra dĩa, trang trí thêm xà lách và tép bưởi, khi ăn rưới xốt lên trên. Mách nhỏ – Xay nhuyễn tỏi và hành tây cho thật mịn giúp món ăn ngon hơn – Chọn bưởi năm roi quả nặng, cuốn tươi, da căng, màu vàng sáng.', 6, 3, 1, 0, 0),
(65, 'GÀ CHIÊN SA TẾ XỐT MAYONNAISE', 'Gà là nguyên liệu phổ thông, khi kết hợp với một chút gia vị tạo món ăn ngon, mới lạ nhưng không mất nhiều thời gian chế biến, tuy vậy vẫn đầy đủ dưỡng chất với đạm và rau .', 'Má đùi gà: 500g Sả băm: 1M Nước tỏi: 2M Nước hành tím: 2M Đường, sa tế tôm, dầu ăn Ăn kèm: xà lách, dưa leo, cà chua Hạt nêm (hương vị heo) bổ sung canxi Hạt nêm (hương vị heo) bổ sung canxi Xốt Mayonnaise  Xốt Mayonnaise Aji-mayo®', 'http://monngonmoingay.com/wp-content/uploads/2015/08/IMG-0260-GaChienSate.png', 'https://www.youtube.com/embed/48i7YbUJzG8?autoplay=1', '1. SƠ CHẾ: – Thịt gà rút xương, cắt miếng vừa ăn, ướp 2M nước tỏi, 2M nước hành tím, 2M sa tế tôm, 1M sả băm, 1m đường, 2m hạt nêm Aji-ngon®, để thấm. 2. THỰC HIỆN: – Làm nóng ít dầu trong chảo, cho gà vào chiên chín vàng, tắt lửa thêm 2M xốt Mayonnaise Aji-Mayo® vào đảo đều. 3. CÁCH DÙNG: Xếp gà ra dĩa, dùng với cơm trắng kèm xà lách, dưa leo và cà chua Mách nhỏ – Ướp thịt gà với nước hành tỏi để không bị cháy khi chiên. – Xốt Mayonnaise Aji-Mayo® giúp thịt gà có màu đẹp, không bị khô, tăng hương vị cho món ăn.', 20, 3, 1, 0, 0),
(66, 'GỎI HOA CHUỐI THỊT GÀ', 'Là món ăn chay có vị chua, mặn, ngọt rất hài hòa, lại giàu chất xơ nên rất tốt cho tiêu hóa, giúp cho tinh thần thoải mái, cuộc sống cân bằng hơn.', 'Hoa chuối hột: 1 cái Mì căn lớn: 2 miếng Cà rốt: 30g Húng lủi: 10g Boaro băm: 1M Mè rang: 1M Đậu phộng, chanh, ớt sừng Muối, đường, dầu ăn Nước tương LISA Bột ngọt  Bột ngọt AJI-NO-MOTO® Giấm gạo lên men  Giấm gạo lên men LISA®', 'http://monngonmoingay.com/wp-content/uploads/2015/08/IMG-0234-goi-hoa-chuoi-thit-ga.png', 'https://www.youtube.com/embed/p_q6h9VvUjc?autoplay=1', '1. SƠ CHẾ: – Hoa chuối lột bỏ phần già, chẻ dọc làm 2, luộc chín với nước có pha ít muối, sau đó vớt ra ngâm trong nước chanh rồi ép ráo nước. Cắt hoa chuối thành khúc 5-6cm, tách bỏ cọng cứng và trái non, xé sợi dày 2cm. – Cà rốt cắt sợi. Ớt sừng cắt sợi, 1 ít băm nhỏ. Rau húng lủi cắt nhỏ. Đậu phộng rang thơm, giã nhỏ. 2. THỰC HIỆN: – Làm giả thịt gà: Mì căn ép ráo nước, xé sợi theo chiều dài. Phi thơm boaro, cho mì căn vào xào, nêm ít Bột ngọt AJI-NO-MOTO®, Nước tương LISA, trút ra để nguội. – Pha nước trộn gỏi: trộn đều 2M đường, 2M Giấm gạo lên men LISA®, 1M Nước tương LISA, 1/2m Bột ngọt AJI-NO-MOTO®, 1/2m muối và ớt băm. – Trộn đều hoa chuối, mì căn, cà rốt với nước trộn gỏi cho thấm. 3. CÁCH DÙNG: Cho gỏi ra dĩa, rắc thêm húng lủi, đậu phộng, mè rang và ớt sợi lên mặt. Mách nhỏ – Nên luộc hoa chuối chín vừa để giữ độ giòn. – Khi xào mì căn ta cho ít nước tương LISA để tạo màu giống như nạc gà.', 4, 3, 3, 0, 0),
(67, 'SÚP GÀ CHUA CAY', 'Một món ăn ngày Tết có vị chua cay giúp kích thích khẩu vị và nguyên liệu đa dạng của nó giúp người thưởng thức thay đổi khẩu vị và cân bằng dưỡng chất.', 'Thịt ức gà: 100g Măng tươi: 100g Đậu hũ non: 1miếng Nước dùng gà: 1,5 lít Nấm đông cô tươi: 5 tai Ớt sa tế: 1M Ngò rí, ớt sừng Tiêu, bột năng Giấm gạo lên men  Giấm gạo lên men LISA® Hạt nêm (hương vị heo) bổ sung canxi Hạt nêm (hương vị heo) bổ sung canxi', 'http://monngonmoingay.com/wp-content/uploads/2015/08/IMG-0580-sup-ga-chua-cay.png', 'https://www.youtube.com/embed/iMbl4Llk8LE?autoplay=1', '1. SƠ CHẾ: – Thịt ức gà luộc chín, xé sợi. Đậu hũ non cắt hạt lựu. Măng, nấm đông cô cắt sợi. Nấm đông cô ướp với 1 ít hạt nêm Aji-ngon®. Ngò rí cắt nhỏ. Ớt sừng cắt lát. Hòa tan 4M bột năng với 1 tô nước. 2. THỰC HIỆN: – Đun sôi nước dùng, cho gà vào, nêm 2M hạt nêm Aji-ngon®, măng và nấm vào, 3M Giấm gạo lên men LISA® và 1M sa tế vào. – Lần lượt cho nấm và măng, đậu hũ non vào, thêm nước bột năng vào từ từ, khuấy đều cho nước sánh lại,  rồi tắt bếp. 3. CÁCH DÙNG: – Múc súp ra tô, rắc ngò rí và tiêu lên trên, ăn nóng kèm nước tương và ớt cắt lát. Mách nhỏ – Nếu sử dụng nấm đông cô khô thì ngâm xong nên ướp với 1 ít hạt nêm Aji-ngon® để khử mùi hăng. – Cho đậu hũ non vào sau cùng để đậu không bị nát.', 16, 3, 1, 0, 0),
(68, 'GÀ CUỘN XÔI XOÀI', 'Xôi gà là món ăn đường phố quen thuộc nhưng với cách biến tấu mới theo phong cách Tây sẽ đưa món ăn này lên tầm cao mới, là món khai vị nóng trong bữa tiệc hoặc là món ăn nhẹ trong bữa giữa buổi.', 'Đùi gà: 2 cái Pate gan: 2M Cải bó xôi: 4 lá Cà rốt bào mỏng: 8 lát Xoài cắt hạt lựu Xôi trắng Nước tương LISA Xốt Mayonnaise  Xốt Mayonnaise Aji-mayo® Hạt nêm (hương vị heo) bổ sung canxi Hạt nêm (hương vị heo) bổ sung canxi', 'http://monngonmoingay.com/wp-content/uploads/2015/08/IMG-0146-ga-cuon-xoi-xoai.png', 'https://www.youtube.com/embed/jQMfkC3wHE0?autoplay=1', '– Đùi gà rút xương, chừa phần đầu đùi tỏi, lạng bớt thịt bên trong đem băm nhuyễn, khứa ngang sớ, đập mỏng, ướp 1m hạt nêm Aji-ngon®, 1/2M hành tím, 1/4m ngũ vị hương, 1m nước tương LISA và 1/4m tiêu, để thấm. – Trộn đều xôi, xoài với 1M xốt Mayonnaise Aji-Mayo®. Trộn thịt gà băm với 2M pate gan và ít muối. – Bó xôi, cà rốt chần sơ, để ráo. Dừa chặt lấy nước. 2. THỰC HIỆN: – Cuộn tròn đùi gà theo thứ tự ngoài vào trong gồm: thịt gà, nhân pate, cà rốt, xôi trắng, xoài và bó xôi, dùng dây buộc lại, đem hấp khoảng 15 phút. – Phi thơm hành tím, cho nước dừa vào thắng vàng và sánh lại, cho cuộn gà vào quay chảo đến khi thịt gà chín, vỏ ngoài có màu cánh gián thì tắt bếp.   3. CÁCH DÙNG: – Cuộn gà cắt khoanh, xếp ra dĩa, thêm nước quay lên trên, dùng nóng. Mách nhỏ – Khứa ngang sớ để khi quay xong cuộn gà được đẹp. – Bọc lá bó xôi để xôi không bị thấm nước khi quay chảo, khi dùng sẽ  giúp món ăn ngon hơn..', 4, 3, 1, 0, 0);
INSERT INTO `mons` (`id`, `title`, `description`, `material`, `image`, `video`, `making`, `id_cooking_type`, `id_material`, `id_dipnau`, `is_seven_day`, `is_most_view`) VALUES
(69, 'CÁNH GÀ XỐT NƯỚC TƯƠNG', 'Món Cánh gà xốt nước tương có những miếng cánh gà màu nâu cánh gián đẹp mắt, nước xốt thì sánh sệt vừa phải. Cắn vào một miếng lại cảm nhận được hương vị đậm đà của cánh gà rim, nước xốt rất thơm mùi vị đặc trưng của nước tương, gừng và rượu trắng.', 'Cánh gà: 500g Giá, hẹ, bắp cải, cà rốt cắt sợi: 1 ít Gừng băm: 1 củ Tiêu, đường, tỏi băm, rượu trắng, tương ớt, dầu ăn Nước tương  Nước tương  Giấm gạo lên men  Giấm gạo lên men LISA® Hạt nêm (hương vị heo) bổ sung canxi Hạt nêm (hương vị heo) bổ sung canxi', 'http://monngonmoingay.com/wp-content/uploads/2015/08/8_CQC9286-canh-ga-xot-nuoc-tuong.png', 'https://www.youtube.com/embed/B4BTiPND9O0?autoplay=1', '1. SƠ CHẾ: – Cánh gà cắt đôi, ướp 1/2M hạt nêm Aji-ngon®,1/3M  tiêu, 1M nước tương “Phú Sĩ”, 1m gừng băm, 1M tỏi băm, 1M rượu trắng, trộn đều. – Pha xốt nước tương: 2M nước tương “Phú Sĩ”, 1/2m hạt nêm Aji-ngon®, 1M đường, 1M gừng băm, 1M rượu trắng, 1M tương ớt. – Pha nước trộn dưa giá: 2M Giấm gạo lên men LISA®, 1,5M  đường, 1/2 chén nước, khuấy tan, sau đó cho bắp cải, giá hẹ, cà rốt vào ngâm 15 phút. Vớt ra để ráo.  2. THỰC HIỆN: Áp chảo cánh gà cho hơi vàng đều hai mặt, cho xốt nước tương vào rim cho cánh gà chín. 3. CÁCH DÙNG: Dùng nóng với cơm hay bún. Dùng kèm dưa giá muối xổi. Mách nhỏ – Áp chảo cánh gà cho vàng và thơm trước khi cho xốt vào rim sẽ giúp cánh gà ngon hơn. – Rim gà với nước tương “Phú Sĩ” giúp tạo vị ngon đặc trưng cho món ăn.', 22, 3, 1, 0, 0),
(70, 'GÀ CHIÊN GIÒN CHẤM XỐT RAU QUẾ', 'Gà chiên là món ăn ngon, chế biến nhanh rất được cá bé yêu thích, món ăn này rất thích hợp cho các buổi tiệc gia đình.', 'Đùi gà (khoảng 500g): 4 cái Húng quế: 10 lá Dầu ăn Gia vị nêm sẵn Aji-Quick® Bột Tẩm Khô Chiên Giòn Bột Tẩm Khô Chiên Giòn Xốt Mayonnaise  Xốt Mayonnaise Aji-mayo®', 'http://monngonmoingay.com/wp-content/uploads/2015/08/IMG_8867-ga-chien-gion-cham-xot-rau-que.png', 'https://www.youtube.com/embed/ZpBtFzrvF9o?autoplay=1', '1. SƠ CHẾ: – Đùi gà rửa sạch, thấm khô, khứa vài đường trên đùi gà. – Rau quế rửa sạch, để ráo. Giã nát rau quế sau đó trộn đều với 2M xốt Mayonnaise LISA (hoặc xốt Mayonnaise Aji-Mayo®). 2. THỰC HIỆN: Đun nóng dầu trong chảo. Tẩm đều gà với 1 gói Aji-quick® Bột tẩm khô chiên giòn (hoặc Aji-quick® Bột Chiên Gà Giòn) sau đó đem chiên chín vàng, vớt ra để ráo dầu. 3. CÁCH DÙNG: Trình bày gà ra dĩa, chấm cùng xốt rau quế.   Mách nhỏ Có thể cho gà vào hộp sau đó rắc bột vào xóc đều. Cách làm này giúp gà tẩm đều bột, rất thuận tiện mà không mất nhiều thời gian. Tẩm bột ngay trước khi chiên để gà giòn ngon và không bị ra nước. Để chiên gà ngon và đẹp ta nên chiên lửa lớn cho gà chín bên ngoài sau đó chiên lửa vừa để gà chín kỹ bên trong và tăng lửa lớn trở lại trước khi vớt ra để đẩy bớt dầu bên trong gà, giúp gà giòn hơn.', 20, 3, 1, 0, 0),
(71, 'MỰC RỐI', 'Nước canh ngọt ơi là ngọt và còn thấm vị đậm đà của nước mắm, mực, thịt gà, tôm khô, trứng tráng thì dai dai thơm thơm, ăn cũng lạ miệng mà ngon không kém. Món ăn này dễ làm lắm, các mẹ thử trổ tài nhé!', 'Ức gà: 200g Tôm khô: 20g Khô mực xé: 20g Su hào: 400g Cà rốt: 50g Trứng vịt:1 quả Bột năng Nước mắm, dầu ăn, tiêu, muối Hành băm, ngò rí Bột ngọt  Bột ngọt AJI-NO-MOTO®', 'http://monngonmoingay.com/wp-content/uploads/2015/08/4_CQC9610-muc-roi.png', 'https://www.youtube.com/embed/kDdVOTkmPn8?autoplay=1', '1. SƠ CHẾ: – Ức gà luộc chín với khoảng 1 lít nước, vớt ra ngâm vào nước nguội, xé sợi nhỏ. – Mực xé nhuyễn. Một nửa cà rốt và su hào cắt sợi, một nửa còn lại cắt khối. – Tôm khô ngâm mềm, giã bông. Đặt chảo lên bếp, cho 2M dầu vào phi hành băm, xào thơm tôm khô, nêm 1/3M bột ngọt AJI-NO-MOTO®. – Đánh trứng cho tan, thêm 1/2M bột năng hoà với nước và 1/3M bột ngọt AJI-NO-MOTO®. Tráng thành miếng mỏng. Lấy ra cuộn tròn rồi cắt sợi.  2. THỰC HIỆN: – Đặt nồi nước luộc gà trở lại lên bếp, cho 1/2 lượng cà rốt và 1/2 lượng su hào cắt khối vào nồi nước dùng. Nêm 1M bột ngọt AJI-NO-MOTO®, 2/3M muối. Khi nồi nước sôi trở lại, cho cà rốt và su hào cắt sợi vào. Nêm thêm 1M nước mắm vào nồi nước dùng. – Lấn lượt xếp các loại rau củ cắt khối ra tô nhỏ (bát chiết yêu), xếp rau củ cắt sợi, trứng, gà xé và mực xen kẻ nhau. Rưới nước dùng vào. 3. CÁCH DÙNG: Rắc tôm khô bông lên trên, trang trí nhánh ngò rí và tiêu, dùng nóng. Mách nhỏ – Cho thêm su hào và cà rốt cắt khối vào nước luộc gà để nước dùng thêm ngọt. – Cho 1 chút nước bột năng giúp tráng trứng mỏng và dai không bị rách.', 16, 3, 1, 0, 0),
(72, 'GAN GÀ XÀO CHUA NGỌT', 'Các bữa ăn với thịt thà đã ngán quá thì các chị em hãy chuyển sang sử dụng gan gà để chế biến bữa ăn cho gia đình mình nhé. Ngoài ra, gan gà còn cung cấp chất sắt và vitamin A cho cơ thể nữa đó!', 'Gan gà: 150g Ớt sừng: 1 trái Dưa leo: 2 trái Cà rốt: 50g Hành lá: 3 nhánh Tỏi băm: 1M Hành tím băm: 1M Bột năng: 1M Ngò rí Nước mắm, đường, tiêu, muối, dầu ăn Giấm gạo lên men  Giấm gạo lên men LISA® Hạt nêm (hương vị heo) bổ sung canxi Hạt nêm (hương vị heo) bổ sung canxi', 'http://monngonmoingay.com/wp-content/uploads/2015/08/11_CQC9707_GanGaXaoChuaNgot.png', 'https://www.youtube.com/embed/Whu_QiWoLDc?autoplay=1', '1. SƠ CHẾ: – Gan gà làm sạch, xát muối, xả sạch, cắt miếng vừa ăn, ướp 1/2M hạt nêm Aji-Ngon®, 1/3M tiêu, 1M hành tỏi băm, 1M đường, 1M Giấm gạo lên men LISA®. – Cà rốt dùng dao răng cưa xắn sợi. Dưa leo chẻ đôi, bỏ ruột, dùng dao răng cưa xắn miếng dày 0,5cm. Hành lá cắt khúc. Bột năng hòa với 1/3 chén nước. Ớt sừng xắt sợi ngâm vào nước.  2. THỰC HIỆN: – Pha nước xốt xào: 2M Giấm gạo lên men LISA®, 1M đường, một ít nước, 1M bột năng – Đặt chảo lên bếp, phi thơm hành tỏi, xào gan gà với lửa lớn, tiếp tục cho cà rốt vào xào với 2M nước, sau đó cho dưa leo và và 1M nước mắm, hành lá, ngò vào. Tắt lửa. Cho nước xốt xào vào. 3. CÁCH DÙNG: Múc ra dĩa, trang trí với ngò rí, rắc tiêu, dùng nóng với cơm. Mách nhỏ – Mua gan còn nguyên vẹn, thịt chắc, màu hồng nhạt. – Bỏ ruột dưa leo để món xào có độ giòn.', 1, 3, 1, 0, 0),
(73, 'GÀ TRỘN GỪNG CHUA NGỌT', 'Gừng ngâm chua thường dùng trong các món ăn Nhật bản, kết hợp với thịt gà và các rau gia vị, món ăn này sẽ giúp giải nhiệt cơ thể và trị chứng cảm cúm khi thay đổi thời tiết.', 'Gà ta: 500g Dưa gừng: 100g Cà rốt: 100g Cần tây: 200g Hành tím nướng: 100g Ớt sừng: 1 trái Tỏi phi, ớt băm Húng lủi Mè rang Đường, nước mắm Giấm gạo lên men  Giấm gạo lên men LISA® Hạt nêm (hương vị heo) bổ sung canxi Hạt nêm (hương vị heo) bổ sung canxi', 'http://monngonmoingay.com/wp-content/uploads/2015/08/IMG_9347-GaTrongGungChuaNgot.png', 'https://www.youtube.com/embed/4XH04IbsLts?autoplay=1', '1. SƠ CHẾ: – Gà luộc chín với 1M hạt nêm Aji-ngon®, 1 củ hành tím nướng. Thịt chín vớt ra ngâm nước đá, xé thịt gà thành miếng dày. – Cà rốt cắt sợi, trộn 1m đường, để thấm, vớt ráo. Cần tây rửa sạch, cọng cắt khúc. Rau húng lủi cắt nhuyễn. Ớt sừng cắt sợi. Hành tím bóc vỏ, rửa sạch, để ráo, bào mỏng, rắc 1m đường, trộn đều. 2. THỰC HIỆN: – Pha nước trộn: Hòa tan 1M nước mắm, 1M đường, 1M Giấm gạo lên men LISA®, 1M tỏi phi, ớt băm. – Trộn gà với nước trộn cho thấm, sau đó cho cà rốt, cần tây, dưa gừng, cuối cùng cho mè rang vào. 3. CÁCH DÙNG: Dọn gà trộn ra dĩa, trang trí thêm húng lủi. Mách nhỏ Với một ít hạt nêm Aji-ngon® trong nước luộc gà sẽ giúp cho thịt gà thơm ngon và đậm đà hơn. Trộn một ít đường vào hành tím sẽ giúp giảm vị hăng của hành.', 4, 3, 1, 0, 0),
(74, 'XÔI GÀ', 'Buổi sáng thức dậy mà có sẵn một nồi xôi đậu phộng nóng hôi hổi ăn kèm với thịt gà nướng, lạp xưởng, mỡ hành thì còn gì tuyệt vời hơn nữa các bạn gái nhỉ?', 'Nếp Bắc: 2 chén Đậu phộng: 50g Lạp xưởng: 2 cây Thịt gà góc tư: 1 miếng Ớt hiểm: 2 trái Dầu ăn Hành lá Giấm gạo lên men  Giấm gạo lên men LISA® Nước tương  Nước tương  Hạt nêm (hương vị heo) bổ sung canxi Hạt nêm (hương vị heo) bổ sung canxi', 'http://monngonmoingay.com/wp-content/uploads/2015/08/6_CQC9639_XoiGa.png', 'https://www.youtube.com/embed/j4_Ege2IkRM?autoplay=1', '1. SƠ CHẾ: – Nếp vo qua nước, để ráo qua 1 đêm. Đậu phộng rửa sạch và luộc chín 15 phút, xả qua nước lạnh. – Giã ớt hiểm, 1M hạt nêm Aji-ngon®, 1M nước tương “Phú Sĩ”, ướp vào thịt gà. Dùng dao cắt vài đường trên phần gà góc 4 để thấm gia vị. – Lạp xưởng luộc trong nước có pha 1m Giấm gạo lên men LISA®,  để nguội, cắt xéo dày 2mm. – Hành lá cắt nhỏ. 2. THỰC HIỆN: – Cho nếp, đậu phộng vào nồi cơm điện, nêm 1/2M hạt nêm Aji-ngon®, cho nước vào vừa xâm xấp nếp. Nấu cho nếp chín. – Cho gà vào lò nướng, nướng chín rồi xé lấy thịt. – Cho một ít muối và bột ngọt vào chén hành lá, đun nóng dầu ăn, đổ vào chén hành lá và rồi cho vào 1m dầu nguội để làm mỡ hành. 3. CÁCH DÙNG: Cho xôi ra đĩa, dùng kèm thịt gà nướng, lạp xưởng, mỡ hành, kèm chén nước tương “Phú Sĩ” và ớt cắt lát. Mách nhỏ – Ướp nước tương vào thịt gà giúp màu sắc món gà nướng đẹp hơn. – Lạp xuởng khi luộc thêm ít Giấm gạo lên men LISA® để tạo độ giòn ngon hơn', 22, 3, 1, 0, 0),
(75, 'GỎI ĐU ĐỦ', 'Gỏi đu đủ là một món ăn ngon, mát, bổ dưỡng thích hợp cho cả gia đình trong những ngày hè nóng bức.', '- Đu đủ: 300g - Cà rốt: 1/2 củ - Thịt ức gà: 1 miếng - Rau răm, rau húng lủi - Đậu phộng, tỏi, ớt - Bánh tráng mè nướng - Đường, nước mắm Giấm gạo lên men  Giấm gạo lên men LISA®', 'http://monngonmoingay.com/wp-content/uploads/2015/08/IMG-0031-goi-du-du.png', 'https://www.youtube.com/embed/cRuPNh5_S8o?autoplay=1', '1. SƠ CHẾ: – Đu đủ gọt vỏ, cắt làm đôi, sau đó cắt sợi, ngâm vào nước đá, để ráo, trộn với 1m đường, để thấm rồi vắt bớt nước. Cà rốt cắt sợi. Tỏi, ớt bằm nhuyễn. 1 ít ớt cắt sợi. – Thịt gà luộc chín, vớt ra ngăm vào tô nước đá cho thịt săn lại, sau đó xé sợi. Rau răm, rau húng lủi cắt nhỏ. Đậu phộng giã nhỏ. 2. THỰC HIỆN: Pha nước mắm trộn gỏi: trộn đều 5M Giấm gạo lên men LISA® với 4M đường, 4M nước mắm và 1M tỏi, ớt băm. – Trộn gỏi: cho đu, đủ, cà rốt, thịt gà, trộn với 3-4M nước trộn gỏi. Sau đó cho thêm rau răm, rau húng lủi, 1/2 lượng ớt, 1/2 lượng đậu phộng vào tô, trộn đều với nước trộn gỏi còn lại. 3. CÁCH DÙNG: – Cho gỏi đu đủ ra dĩa, rắc đậu phộng lên trên, trang trí với ớt cắt sợi, ăn kèm bánh tráng mè nướng. Mách nhỏ – Chọn đu đủ hơi ươm vàng khi trộn gỏi sẽ giòn, ngon mà không bị mềm. – Đu đủ sau khi cắt ngâm qua nước đá sẽ giòn hơn.', 4, 3, 1, 0, 0),
(76, 'CANH MĂNG GÀ VIÊN', 'Canh ngọt ngọt thanh thanh, thịt gà và giò sống quyện đều thơm ngon, thấm gia vị. Măng dậy mùi đặc trưng. Món canh này ăn với cơm thì ngon hết biết.', 'Thịt gà băm (phần thịt đùi): 200g Măng vàng luộc: 200g Giò sống: 50g Lòng đỏ trứng gà: 1 cái Hành tây: 1/2 củ Hành lá: 2 cọng Ngò rí: 2 cây Đường, muối, tiêu Dầu ăn, nước mắm, dầu mè Hạt nêm (hương vị heo) bổ sung canxi Hạt nêm (hương vị heo) bổ sung canxi', 'http://monngonmoingay.com/wp-content/uploads/2015/08/1_CQC8700_CanhMangGaVien.png', 'https://www.youtube.com/embed/-CygB18FlOM?autoplay=1', '1. SƠ CHẾ: – Ngò rí cắt nhỏ, để riêng cọng và lá. – Trộn đều thịt gà với giò sống, nêm ít muối, 1/2 m tiêu, 1m hạt nêm Aji-ngon®, 1m dầu mè. Trộn cọng ngò rí, trứng gà vào thịt gà và giò sống, giữ lạnh. Vo từng viên gà đều nhau, đường kính khoảng 2cm. – Cắt măng thành sợi nhuyễn, trụng qua nước sôi rồi vắt ráo nước. Ướp măng với 1m hạt nêm Aji-ngon®, trộn đều. Cắt mỏng hành tây theo chiều dọc. Hành lá cắt nhỏ. 2. THỰC HIỆN: – Làm nóng chảo với 2M dầu ăn, cho hành tây vào xào thơm, tiếp tục cho măng vào xào. – Thêm 2l nước nấu sôi cho thịt gà viên vào nấu đến khi viên gà nổi trên mặt, cho măng và hành tây vào, nêm 1/2m đường, 1m muối, 1M hạt nêm Aji-ngon®, 1M nước mắm. Tắt lửa, cho tiêu và hành ngò lên trên. 3. CÁCH DÙNG: Dùng nóng với cơm, nước mắm và ớt cắt lát. Mách nhỏ Dùng nóng với cơm, nước mắm và ớt cắt lát.', 16, 3, 1, 0, 0),
(77, 'GÀ XÀO CHUA NGỌT', 'Sắp đến &quot;đại tiệc&quot; của công ty mà bạn vẫn chưa biết nấu món nào để đãi mọi người và làm mọi người tròn mắt thán phục, món gà xào chua ngọt này có thể là một gợi ý hay cho bạn đấy. Món này khi ăn có vị bùi bùi của thịt gà, vị chua chua thanh thanh của giấm và đặc biệt là vị beo béo giòn giòn của hạt điều sẽ làm mọi người &quot;ghiền&quot; món ăn này luôn đó.', 'Thịt má đùi gà: 400g Hạt điều rang: 50g Ớt chuông đỏ: 50g Hành tây: 50g Đậu Hà Lan trái: 50g Bắp non: 50g Gừng băm, gừng sợi, dầu hào, hành ngò Tỏi băm, ớt hiểm băm, đường, tiêu, dầu ăn Giấm gạo lên men  Giấm gạo lên men LISA® Nước tương  Nước tương', 'http://monngonmoingay.com/wp-content/uploads/2015/08/338-e1442410921166.jpg', 'https://www.youtube.com/embed/hjhrrS0N_6s?autoplay=1', '1. SƠ CHẾ: – Thịt gà lạng bỏ xương, cắt miếng vuông 2.5cm, ướp 1m Hạt nêm, 1/2M gừng băm, 1/2m ớt hiểm, 1M nước tương “Phú Sĩ”, và 1M Giấm gạo lên men LISA®. – Ớt chuông, hành tây cắt miếng như đùi gà. Đậu Hà Lan cắt đôi. Luộc bắp và đậu Hà Lan, vớt ra để ráo. – Bắp non cắt ra vừa ăn. 2. THỰC HIỆN: Phi thơm tỏi, xào gà với lửa lớn, thêm 1-2M nước cho thịt gà chín, thêm bắp non, đậu Hà Lan và đảo đều, cho ớt chuông, hành tây và gừng sợi vào xào tiếp, nêm 1/2M đường, 1M dầu hào, 1M Giấm gạo lên men LISA®, tắt lửa. 3. CÁCH DÙNG: Trình bày món ăn ra dĩa, thêm hạt điều, rắc hành ngò và tiêu. Mách nhỏ – Chọn gừng non khi ăn sẽ ít cay hơn. – Cho giấm vào sau cùng để giữ màu sắc của rau củ.', 1, 3, 1, 0, 0),
(78, 'Salad bắp cải xốt mè', 'Món Salad bắp cải xốt mè có vị thơm thơm của mè rang giã nhuyễn, vị ngọt ngọt của bắp và mật ong, vị giòn giòn của bắp cải cắt nhỏ, vị beo béo của &quot;Aji-mayo&quot;, ôi, chắc chắn là các bé sẽ lại thích mê mà ăn nhiều rau hơn nữa đây.', 'Bắp cải trắng: 150g Bắp cải tím: 20g Thịt nguội: 50g Bắp mỹ đã luộc: 1/2 chén Rượu trắng, dầu mè, mật ong Mè rang, muối, đường, mù tạt vàng Hạt nêm (hương vị heo) bổ sung canxi Hạt nêm (hương vị heo) bổ sung canxi Xốt Mayonnaise  Xốt Mayonnaise Aji-mayo® Bột ngọt  Bột ngọt AJI-NO-MOTO® Giấm gạo lên men  Giấm gạo lên men LISA®', 'http://monngonmoingay.com/wp-content/uploads/2015/08/IMG_1403-salad-bap-cai-xot-me.png', 'https://www.youtube.com/embed/KRf7bFDCQz4?autoplay=1', '1. SƠ CHẾ: Bắp cải cắt sợi nhỏ, thịt nguội cắt đôi rồi cắt miếng 0.5cm. 2. THỰC HIỆN: – Trộn xốt mè: trộn 1M Xốt Mayonnaise Aji-Mayo®, 1M mè rang, 2M Giấm gạo lên men LISA®, 1M rượu trắng, 1M nước tương “Phú Sĩ”, 1M dầu mè, 1M mật ong, 1/2M mù tạt vàng, 1/2M bột ngọt AJI-NO-MOTO®, 1/2M đường và 1 ít muối. – Trộn đều các nguyên liệu với xốt mè. 3. CÁCH DÙNG: Cho salad bắp cải xốt mè ra dĩa, dùng như món khai vị. Mách nhỏ Sử dụng mè rang giã nhỏ thì xốt sẽ thơm ngon hơn.', 22, 4, 1, 0, 0),
(79, 'GỎI BÒ LÁ CHANH', 'Thịt bò chần qua nước dừa tươi mềm ơi là mềm, ngọt ơi là ngọt, lâu lâu trong miệng lẫn một sợi lá chanh Bắc thơm thiệt là thơm, cà pháo thì giòn giòn, hành phi, mè rang thơm lừng và món này chắc chắn không thể thiếu nước trộn gỏi làm từ nước mắm đường và giấm gạo!', 'Thịt bò mềm: 200g Lá chanh: 4 lá Thơm: 1/4 trái Cà chua bi: 100g Cà pháo tươi, non: 100g Khế chua: 2 trái Sả cây: 2 cây Nước dừa tươi: 1 chén Hành tím bào: 5 củ Hành tím phi, tỏi tép Ớt hiểm,ớt sừng cắt sợi Mè trắng rang, sả phi Nước mắm, muối, đường Bột ngọt  Bột ngọt AJI-NO-MOTO® Giấm gạo lên men  Giấm gạo lên men LISA®', 'http://monngonmoingay.com/wp-content/uploads/2015/08/goi-bo-la-chanh_CQC8161.png', 'https://www.youtube.com/embed/52klNyt6UNo?autoplay=1', '1. SƠ CHẾ: – Bò cắt lát mỏng ngang sớ. – Khế cắt ngang 2 li, ướp 1M đường. Thơm cắt lát dày 5 li. Cà chua bi chẻ đôi. Cà pháo cắt lát, ngâm trong nước muối cho khỏi bị thâm. Sả cây đập giập cắt khúc. Lá chanh cắt nhuyễn. Giã ớt hiểm và tỏi cho nát. – Pha hỗn hợp gồm 1M đường, 1M Giấm gạo lên men LISA®, 1/2M nước, ngâm hành tím bào khoảng 5 phút, vớt để ráo. – Pha nước trộn gỏi 1/3M muối, 1M tỏi ớt giã, 2M đường, 2M nước mắm, 2M Giấm gạo lên men LISA®. 2. THỰC HIỆN: – Cho 1/2M bột ngọt AJI-NO-MOTO®, 1M muối, 1/2 chén Giấm gạo lên men LISA®, 1 chén nước dừa tươi vào nồi với sả đập dập, nấu sôi. Chần thịt bò qua hỗn hợp nước giấm, vớt ra để ráo. – Trộn thịt bò với 2M nước trộn. – Trộn thơm, khế, cà chua bi, cà pháo với 1/2 lượng nước trộn để thấm khoảng 5′, rồi chắt bỏ nước, sau đó cho tất cả vào chung với thịt bò, hành tím, trộn tiếp với các gia vị còn lại: sả chiên, ớt sừng sợi, lá chanh, hành tím phi, mè rang, cho thêm 1/2 lượng nước trộn gỏi còn lại. 3. CÁCH DÙNG: Dùng chung với bánh đa nướng Mách nhỏ – Giã ớt tỏi để làm nước trộn gỏi sẽ làm dậy hương thơm hơn so với khi băm. – Chần thật nhanh thịt bò qua nước giấm (khoảng 30giây) để thịt vừa chín, giữ vị ngọt.', 4, 4, 1, 0, 0),
(80, 'BÒ XÀO ĐỌT SU SU', 'Bò xào đọt su su là món ăn ngon, đơn giản, dễ làm, nhưng mang hương vị thơm ngon, hấp dẫn, phù hợp dùng với cơm hằng ngày.', 'Thịt bò phi lê: 200g Đọt su su non: 300g Củ cải đỏ (radish): 4 củ Nước dừa tươi: 1/3 chén Hành boaro: 1 khúc Ớt hiểm xanh Tỏi: 1 củ Tiêu, đường, dầu ăn Hành tỏi băm Nước tương LISA Hạt nêm (hương vị heo) bổ sung canxi Hạt nêm (hương vị heo) bổ sung canxi Gia vị nêm sẵn Aji-Quick® Bột Tẩm Khô Chiên Giòn Bột Tẩm Khô Chiên Giòn', 'http://monngonmoingay.com/wp-content/uploads/2015/08/201205170436140000007_bo-xao-dot-su-su-49aq583.png', 'https://www.youtube.com/embed/few8kuUY_e4?autoplay=1', '1. SƠ CHẾ: – Thịt bò cắt lát mỏng 2mm, ướp 1/3m tiêu, 1M hành tỏi, xốc qua với 1/2 gói Aji-quick® Bột Chiên Gà Giòn, áp chảo cho chín, để riêng. – Đọt su su cắt khúc 5cm. Hành boaro cắt khúc 3cm, chẻ đôi. Củ cải đỏ cắt lát. Ớt xanh cắt nhỏ. Tỏi củ tách từng tép nhỏ, bóc vỏ, đập dập. 2. THỰC HIỆN: – Đun nóng 2M dầu, chiên và tép tỏi, vớt ra để riêng, tiếp tục xào đọt su su, nêm 1m hạt nêm Aji-ngon®, 1/3m đường, thêm củ cải đỏ, 1/3 chén nước dừa, xào đến khi các nguyên liệu vừa chín thì cho tỏi, boaro và thịt bò vào đảo đều. Tắt lửa. 3. CÁCH DÙNG: Trình bày món ăn ra dĩa, rắc thêm tiêu, dùng nóng với cơm, chấm nước tương LISA, ớt xanh tùy khẩu vị. Mách nhỏ Áp chảo thịt bò sau khi tẩm Aji-quick® Bột Chiên Gà Giòn giúp thịt bò mềm, thơm và thấm gia vị hơn. Bảo quản thịt bò trong tủ lạnh để dễ cắt và thịt mềm hơn.', 1, 4, 1, 0, 0),
(81, 'BẮP BÒ KHO CHUA NGỌT', 'Bắp bò là phần thịt ngon nhưng nếu chế biến không đúng cách thì thịt bắp bò sẽ dai và không ngon. Hãy học hỏi kinh nghiệm nấu nướng khi chế biến bắp bò với món ăn Bắp Bò Kho Chua Ngọt của đầu bếp nhé.', 'Bắp bò : 500g Dừa tươi : 1 trái Gừng băm : 1M Cháo trắng : 5 viên Sả cây : 2 cây Ớt hiểm băm : 1M Tỏi tép Rau răm, đậu phộng rang Muối, tiêu, đường Giấm gạo lên men  Giấm gạo lên men LISA®', 'http://monngonmoingay.com/wp-content/uploads/2015/08/6_CQC1470_BapBoKhoChuaNgot.png', 'https://www.youtube.com/embed/jxbJyy2oAhA?autoplay=1', '1. SƠ CHẾ: –       Thịt bò cắt khối vuông 4cm, ướp thịt với 1/2M muối, 1/3M tiêu, 1M tỏi, để 30 phút cho thấm. –       Rau răm cắt nhuyễn. Sả đập dập, cắt khúc. Đậu phộng giã nhuyễn. 2. THỰC HIỆN: –       Đặt nồi nước dừa xiêm lên bếp, cho thịt và sả cây vào nấu cho thịt thật mềm (dùng nồi áp suất mất khoảng 20 phút). Tiếp tục cho chao vào nồi, thêm 2M gừng băm, 1M đường và 2M Giấm gạo lên men LISA®, nấu sôi, cuối cùng thêm 1M ớt băm vào rồi tắt lửa. 3. CÁCH DÙNG: –          Cho thịt ra dĩa, rắc rau răm, đậu phộng lên trên, dùng nóng. Mách nhỏ Nấu bò với nước dừa tươi tạo vị ngọt tự nhiên cho món ăn. Dùng chao tạo hương vị độc đáo cho món ăn.', 2, 4, 1, 0, 0),
(82, 'GỎI ĐU ĐỦ THỊT BÒ ÁP CHẢO', 'Món ăn vặt ngon tuyệt đảm bảo các con bạn sẽ thích mê ngay! Nếu lo lắng con yêu ăn vặt bên ngoài không đảm bảo vệ sinh, hãy tự tay chuẩn bị món gỏi đu đủ yêu thích cho con cùng chút sáng tạo với thịt bò để tăng độ dinh dưỡng cho món ăn. Thịt bò mềm, thấm vị, đu đủ giòn, hơi chua thanh từ Giấm gạo lên men LISA và cay nhẹ hấp dẫn vị giác có lẽ sẽ khiến con yêu “chán” ăn vặt mà ăn nhà nhiều hơn đấy!', 'Đu đủ bào sợi : 250g Thịt bò philê cắt lát : 200g Cà rốt bào sợi : 50g Ớt sừng cắt sợi : 2 trái Cần tàu : 3 cây Dưa leo : 1 trái Tỏi ớt băm, húng lũi Hành tím phi : 3M Đậu phộng rang : 3M Đường, muối, ớt bột Tương ớt, dầu ăn, nước mắm Hạt nêm (hương vị heo) bổ sung canxi Hạt nêm (hương vị heo) bổ sung canxi Bột ngọt  Bột ngọt AJI-NO-MOTO® Giấm gạo lên men  Giấm gạo lên men LISA®', 'http://monngonmoingay.com/wp-content/uploads/2015/08/1.jpg', 'https://www.youtube.com/embed/https://youtu.be/IL2rGJobD18?autoplay=1', '1. SƠ CHẾ: –       Thịt bò ướp 1/2m hạt nêm Aji-ngon® , 1/2m đường, 1M dầu ăn, 1/3m ớt bột, 2m tỏi băm, để thấm. Áp chảo thịt bò chín tái, cắt miếng dài vừa ăn. –       Cần tàu cắt khúc 4cm, cọng to thì chẻ dọc làm đôi hoặc ba. Dưa leo lạng lấy phần vỏ xanh dày khoảng 4 li, cắt sợi. Giữ mát rau củ trước khi trộn gỏi. Rau húng lủi cắt khúc 2cm. 2. THỰC HIỆN: –       Pha nước trộn: 2M đường, 1M nước mắm, 1/2m muối, 1/2m bột ngọt AJI-NO-MOTO®, 2M tương ớt, 3M Giấm gạo lên men LISA®, khuấy tan, thêm 1M tỏi ớt băm. –       Trộn đu đủ, cà rốt, ớt sừng, cần tàu, dưa leo với nhau, xếp ra đĩa, cho thịt bò lên trên, rắc hành tím phi, húng lủi, đậu phộng rang. Khi ăn rưới nước trôn gỏi lên, trộn đều. 3. CÁCH DÙNG: –       Dọn kèm bánh phồng tôm hoặc bánh đa nướng. Mách nhỏ Chọn đu đủ mỏ vịt (hườm) để món ăn giòn ngọt và có màu đẹp', 4, 4, 1, 0, 0),
(83, 'BÒ VIÊN CHAY XÀO THẬP CẨM', 'Món chay cũng cần phải có đầy đủ chất dinh dưỡng và màu sắc hấp dẫn, món bò viên chay xào thập cẩm này đáp ứng cả hai yếu tố trên, mang vị chua ngọt giúp món ăn thanh vị và ngon miệng, thích hợp để thay đổi khẩu vị bữa ăn chay.', 'Bò viên chay: 180g Cà chua: 1 trái Dưa leo: 1 trái Thơm: 1/4 trái Hành tây: 1/2 củ Cần tàu: 2 cây Muối, tiêu, đường, dầu hào chay, dầu ăn Hành boarô Nước tương  Nước tương  Bột ngọt  Bột ngọt AJI-NO-MOTO® Aji-ngon® Hạt nêm từ nấm hương và hạt sen bổ sung kẽm Hạt nêm từ nấm hương và hạt sen bổ sung kẽm', 'http://monngonmoingay.com/wp-content/uploads/2015/08/IMG-0058-bo-vien-chay-xao-thap-cam.png', 'https://www.youtube.com/embed/zrRRcQjKLFw?autoplay=1', '1. SƠ CHẾ: – Bò viên cắt đôi, trụng sơ, ướp 1/2m đường, 1/2m Bột ngọt AJI-NO-MOTO® và ít tiêu, để thấm. – Cà chua, hành tây cắt múi cau. Dưa leo cắt xéo. Thơm cắt lát. Cần tàu cắt khúc 3cm. Boa-ro cắt khúc, chẻ nhỏ. 2. THỰC HIỆN: – Phi thơm boa-ro, xào bò viên, thêm dưa leo, cà chua, thơm và hành tây vào xào nhanh tay, nêm 1/2m đường, 1/2m Bột ngọt AJI-NO-MOTO®, 1/2 m muối, 2M nước và 1M dầu hào chay, cuối cùng thêm cần tàu vào rồi tắt bếp. 3. CÁCH DÙNG: Trình bày món xào ngon ra dĩa, rắc thêm tiêu, dùng nóng với cơm trắng, chấm kèm nước tương “Phú Sĩ” và ớt cắt lát tùy khẩu vị. Mách nhỏ Nên ướp bò viên trước khi xào để bò viên thấm gia vị hơn. Xào các loại rau củ nhanh tay để giữ được chất dinh dưỡng và độ giòn của nguyên liệu', 1, 4, 1, 0, 0),
(84, 'THỊT BÒ NƯỚNG MÙ TẠT', 'Là món ăn cả nhà cùng làm, cùng trò chuyện vui vẻ, cùng thưởng thức món ăn ngon, chế biến đơn giản và phù hợp với không khí ngày Tết.', 'Thịt bò phi lê: 300g Bắp Mỹ: 1 trái Đậu bắp: 8 trái Cà chua bi: 1 ít Tiêu, hành tím băm, tỏi băm Que xiên, mù tạt xanh, dầu ăn Xốt Mayonnaise LISA Hạt nêm (hương vị heo) bổ sung canxi Hạt nêm (hương vị heo) bổ sung canxi', 'http://monngonmoingay.com/wp-content/uploads/2015/08/IMG-0572-thit-bo-nuong-mu-tat.png', 'https://www.youtube.com/embed/nEVUWgFxhJY?autoplay=1', '1. SƠ CHẾ: – Thịt bò cắt khối vuông 2cm, ướp với 1m hành tím băm, 1m hạt nêm Aji-ngon®, 1M xốt Mayonnaise LISA, 1m mù tạt xanh và 1/2 m tiêu, để thấm 15 phút. – Bắp luộc chín, cắt khúc. Đậu bắp rửa sạch, cắt đôi. 2. THỰC HIỆN: – Xiên vào que xiên theo thứ tự: 1 miếng bắp, 1 miếng thịt bò, 1 miếng đậu bắp rồi thêm 1 miếng thịt bò. Đun nóng ít dầu trong chảo, cho xiên thịt bò vào chiên áp chảo đến khi chín đều. – Pha xốt chấm: trộn đều 2M xốt Mayonnaise LISA với 1m mù tạt và 1m tỏi băm. 3. CÁCH DÙNG: Xếp xiên thịt bò nướng mù tạt ra dĩa, xiên thêm cà chua bi, khi ăn chấm với xốt mayonnaise trộn. Mách nhỏ – Ướp thịt bò với xốt Mayonnaise LISA để thịt bò mềm, ngon và không bị khô. – Mayonnaise kết hợp với mù tạt xanh tạo nên vị cay nhẹ rất ngon cho các món nướng. – Nướng thịt bò vừa chín tới sẽ mềm, ngon và không bị dai.', 6, 4, 1, 0, 0),
(85, 'PHỞ CUỐN', 'Phở cuốn là món ăn ngon và hấp dẫn mọi lứa tuổi, không mất nhiều thời gian nấu nướng, vừa cuốn vừa ăn rất thú vị, lạ miệng, dùng trong tiệc sum họp gia đình, tiễn năm cũ, đón năm mới.', 'Bánh phở nguyên miếng: 500g Thịt bò phi lê: 300g Giá: 100g Cà rốt: 1/2 Hành tây: 1/2 củ cXà lách: 2 cây Rau thơm các loại Tỏi băm, ớt băm Tiêu, đường, nước mắm Giấm gạo lên men  Giấm gạo lên men LISA® Hạt nêm (hương vị heo) bổ sung canxi Hạt nêm (hương vị heo) bổ sung canxi', 'http://monngonmoingay.com/wp-content/uploads/2015/08/IMG-0254-pho-cuon.png', 'https://www.youtube.com/embed/kJBL9TPX3M0?autoplay=1', '1. SƠ CHẾ: – Thịt bò cắt lát mỏng, ướp với 1M tỏi băm, 1/3 m tiêu và 1m hạt nêm Aji-ngon®, để thấm. – Cà rốt cắt sợi nhỏ. Hành tây cắt sợi. Xà lách, rau thơm, giá lặt rửa sạch. 2. THỰC HIỆN: – Phi thơm 1m tỏi băm, cho cà rốt vào xào sơ, nêm 1/2m hạt nêm Aji-ngon®, thêm hành tây vào xào chín, trút ra dĩa. Cho thêm ít dầu ăn vào chảo, xào thịt bò vừa chín, trút ra dĩa. – Trải bánh phở ra dĩa, xếp xà lách, rau thơm, giá, thịt bò, cà rốt và hành tây lên, cuốn tròn lại. – Làm nước mắm chua ngọt: trộn 1/2 chén nước lọc với 1,5M Giấm gạo lên men LISA®, 2M đường, 2M nước mắm và 1M tỏi, ớt băm. 3. CÁCH DÙNG: Xếp phở cuốn ra dĩa, khi ăn chấm kèm nước mắm chua ngọt. Mách nhỏ Khi cuốn nên đặt mặt bóng của bánh phở ra ngoài để món ăn trông hấp dẫn hơn. Chọn thịt bò phi lê mềm để món ăn ngon hơn.', 22, 4, 1, 0, 0),
(86, 'LẨU CHUA THỊT BÒ', 'Lẩu chua thịt bò là món ăn ngon, rất hấp dẫn, trong nồi lẩu sẽ có sắc vàng như màu hoa mai, sắc xanh như màu lộc biếc, thích hợp với không khí ngày Tết.', 'Bông thiên lý: 100g Bông bí: 200g Bông hẹ: 100g Rau cần nước: 200g Thịt bò phi lê: 300g Bún: 1kg Nước dùng hầm từ xương: 1,5 lít Sả: 1 cây Ớt sừng: 1 trái Tỏi, sả, ớt băm Đường, muối, dầu điều, dầu ăn Bột ngọt  Bột ngọt AJI-NO-MOTO® Hạt nêm (hương vị heo) bổ sung canxi Hạt nêm (hương vị heo) bổ sung canxi', 'http://monngonmoingay.com/wp-content/uploads/2015/08/IMG-0222-lau-chua-thit-bo.png', 'https://www.youtube.com/embed/uWe-NulO9ms?autoplay=1', '1. SƠ CHẾ: – Sả 1 phần đập dập, 1 phần cắt khúc. Ớt sừng cắt lát. Tắc cắt đôi, vắt lấy nước, bỏ hạt. – Thị bò cắt lát thật mỏng, xếp ra dĩa, giữ lạnh. Các loại rau lặt rửa sạch, bông bí bó đài và nhụy, xếp ra dĩa. – Phi thơm 1M tỏi băm, 2M sả băm, 1M ớt băm và 1M dầu điều để làm sa tế. 2. THỰC HIỆN: – Đun sôi nước dùng, cho sả cắt khúc, sa tế và nước tắc vào, nêm 3.5m đường, 3m hạt nêm Aji-ngon®, 1m muối, 1/4 m bột ngọt AJI-NO-MOTO®. 3. CÁCH DÙNG: – Cho nước lẩu qua nồi lẩu, đun sôi, cho thịt bò và các loại rau vào trụng chín rồi ăn ngay với bún. Mách nhỏ – Tắc sẽ làm món lẩu có vị thanh nhẹ và rất thơm ngon. – Có thể chọn bắp hoa bò để nhúng lẩu vì thịt giòn ngon hơn. – Tùy theo mùa có thể dùng vối các loại rau khác như rau muống, rau nhút, hoa kim châm, bông điên điển…', 10, 4, 3, 0, 0),
(87, 'ỐC GIÁC XÀO BÔNG HÀNH', 'Một món ăn ngon đậm chất miền Trung, được chế biến từ ốc biển và bông hành, hương vị có sự hòa quyện của vị giòn giòn của ốc giác và vị ngòn ngọt của bông hành rất thơm ngon, cách làm đơn giản, là sự lựa chọn hoàn hảo cho bữa ăn hàng ngày.', 'Thịt ốc giác: 300g Bông hành: 200g Cà chua: 1 trái Hành tây: 1/4 củ Hành lá, ngò rí Ớt sừng Hành tỏi băm Tiêu, đường, dầu ăn Bột năng Nước tương LISA Hạt nêm (hương vị heo) bổ sung canxi Hạt nêm (hương vị heo) bổ sung canxi Giấm gạo lên men  Giấm gạo lên men LISA®', 'http://monngonmoingay.com/wp-content/uploads/2015/08/0340-oc-giac-xao-bong-hanh.png', 'https://www.youtube.com/embed/EWQAXWPhjxI?autoplay=1', '1. SƠ CHẾ: – Ốc giác sơ chế sạch, cắt lát, ướp 1m đầu hành lá băm nhỏ, 1 ít tiêu, 1/2m đường, 1/2m Hạt nêm Aji-ngon®, 1M Nước tương LISA, 1/2m bột năng, 1m cọng ngò rí băm nhỏ. – Bông hành chọn phần ngon, cắt khúc 4cm. Cà chua cắt múi cau. Hành tây cắt sợi. Ớt sừng cắt lát, một ít cắt sợi. 2. THỰC HIỆN: – Phi thơm hành tỏi băm, xào nhanh tay bông hành, nêm 1/2m Hạt nêm Aji-ngon®, trút ra dĩa. – Tiếp tục phi thơm hành tỏi băm, xào ốc với lửa to, nêm 1/2M Giấm gạo lên men LISA®, thêm cà chua, hành tây, bông hành và ớt sợi vào xốc nhanh tay. 3. CÁCH DÙNG: Trình bày món xào ngon ra dĩa rắc thêm tiêu, ngò rí, dùng nóng với cơm trắng. Chấm Nước tương LISA và ớt cắt lát. Mách nhỏ Chọn bông hành tươi non, nụ bông còn búp. Ốc giác tươi nên luộc với gừng và giấm giúp khử mùi tanh và ốc không bị dai.', 1, 5, 1, 0, 0),
(88, 'RONG BIỂN TRỘN NẤM TUYẾT', 'Một món ăn đơn giản, dễ làm, lại cho ta nhiều chất bổ dinh dưỡng có lợi cho sức khỏe, tốt cho hệ tiêu hóa, sẽ là 1 chọn lựa hoàn hảo để đãi gia đình hay bạn bè vào các dịp cuối tuần.', 'Rong biển khô wakame: 10g Nấm tuyết khô: 15g Tôm đất tươi: 200g Cá giả đông lạnh: 1/4 thanh Rau húng lủi: 1 ít Ớt hiểm: 2 trái Mè trắng, tỏi băm Ớt sừng cắt sợi, hành phi Đường, nước mắm Rượu trắng, muối Giấm gạo lên men  Giấm gạo lên men LISA®', 'http://monngonmoingay.com/wp-content/uploads/2015/08/IMG-0140_1-rong-bien-tron-nam-tuyet.png', 'https://www.youtube.com/embed/dtOv8Wm_Xeg?autoplay=1', '1. SƠ CHẾ: – Rong biển ngâm nước khoảng 5 phút cho nở, xả sạch, để ráo. – Nấm tuyết ngâm nở, cắt bỏ chân, chần sơ rồi cắt nhỏ, để ráo. – Rau húng lủi rửa sạch, cắt nhỏ. Ớt hiểm băm nhỏ. Mè trắng rang thơm. – Tôm cho vào nồi có 3M rượu trắng, nấu chín, bóc vỏ, chẻ đôi. – Thanh cá giả cắt lát mỏng. 2. THỰC HIỆN: – Pha nước mắm trộn gỏi: trộn đều 3M Giấm gạo lên men LISA®, 2,5M đường, 2M nước mắm, 1/5m muối, 1m tỏi băm, 1m ớt băm. – Trộn gỏi: cho rong biển, nấm tuyết, tôm, thanh cá, rau húng lủi vào tô, trộn đều với nước trộn gỏi. 3. CÁCH DÙNG: Cho gỏi rong biển ra dĩa, rắc thêm mè rang và hành phi lên trên. Mách nhỏ – Rong biển trộn với nước trộn gỏi có giấm sẽ đỡ mùi tanh. – Luộc tôm với rượu trắng để thịt tôm thơm và săn chắc hơn.', 4, 5, 3, 0, 0),
(89, 'CƠM GẠO LỨC CHIÊN NGHÊU', 'Gạo lức tốt cho sức khỏe vì có nhiều chất dinh dưỡng. Tuy nhiên, không phải ai cũng biết cách chế biến để cơm gạo lức dễ ăn hơn. Vì vậy nên hôm nay đầu bếp sẽ giới thiệu cách thực hiện món Cơm Gạo Lức chiên Nghêu, bảo đảm thơm ngon và rất dễ ăn. Có thể bạn sẽ thích đến mức ăn gạo lức thay cơm trắng luôn đấy.', 'Nghêu : 1kg Cơm gạo lức : 500g Đậu cô ve : 50g Cà rốt : 50g Hành tây : 1/4 củ Trứng vịt muối luộc : 1 quả Tỏi băm Hành, ngò Đường, dầu ăn, tiêu Bột ngọt  Bột ngọt AJI-NO-MOTO® Hạt nêm (hương vị heo) bổ sung canxi Hạt nêm (hương vị heo) bổ sung canxi Nước tương  Nước tương', 'http://monngonmoingay.com/wp-content/uploads/2015/08/7_CQC1623_ComGaoLucChienNgheu.png', 'https://www.youtube.com/embed/pX3krjcDrMA?autoplay=1', '1. SƠ CHẾ: –       Nghêu luộc chín, tách lấy thịt nghêu. –       Cà rốt, đậu côve, hành tây cắt hạt lựu. Trứng vịt muối tách lấy lòng đỏ trứng tán nhuyễn. Ngò rí cắt nhuyễn. 2. THỰC HIỆN: –       Trộn đều cơm với 2m hạt nêm Aji-ngon®, 1/2M nước tương “Phú Sĩ”, 1/2m bột ngọt AJI-NO-MOTO® và 1/3m đường. –       Phi thơm một ít tỏi trong chảo, cho nghêu vào xào thơm, trút ra để riêng. Phi thơm tiếp tỏi, cho cà rốt, hành tây và đậu cô ve vào xào, cho cơm gạo lức vào đảo đều, chiên đến khi hạt cơm săn lại, cho nghêu và 1/2 lòng đỏ trứng muối vào trộn đều, tắt lửa. 3. CÁCH DÙNG: Cho cơm chiên ra dĩa, cho 1/2 lòng đỏ trứng muối còn lại lên trên, rắc thêm tiêu và ngò rí. Ăn kèm với nước tương “Phú Sĩ”. Mách nhỏ Gạo lức nên ngâm trước khi nấu để cơm được mềm hơn. Xào nghêu nhanh tay sau đó trút ra để giữ được độ ngọt của nghêu.', 20, 5, 1, 0, 0),
(90, 'SALAD ĐẬU', 'Đậu là thực phẩm tốt cho sức khỏe nhờ vào lượng chất oxy hóa, chất sắt, chất xơ bão hòa. Với nguyên liệu chính là đậu, cùng xốt Mayonnaise Aji-Mayo® Ngọt Dịu, các mẹ có thể chế biến món Salad Đậu thơm ngon, lạ miệng và bổ dưỡng cho bé đó!', 'Khoai môn : 200g Đậu đỏ tươi : 100g Đậu trắng tươi : 100g Xà lách Đậu hũ non Sữa chua Sữa tươi không đường Muối, tiêu Xốt Mayonnaise Mayonnaise Aji-mayo® Ngọt Dịu Ngọt Dịu Gia vị nêm sẵn Aji-Quick® Bột Chiên Giòn Bột Chiên Giòn', 'http://monngonmoingay.com/wp-content/uploads/2015/08/5_CQC1538_SaldDau.png', 'https://www.youtube.com/embed/IgQWw6Ec2G0?autoplay=1', '1. SƠ CHẾ: –       Đậu trắng và đậu đỏ luộc trong nước có một ít muối đến khi đậu mềm, vớt ra để ráo, xóc với ít muối và tiêu. –       Xà lách rửa sạch cắt sợi. Đậu hũ non cắt miếng vuông nhỏ, chần qua nước nóng. Khoai môn cắt sợi nhuyễn. 2. THỰC HIỆN: –       Pha 1/2 gói Aji-Quick® Bột Chiên Giòn Hải Sản theo công thức trên bao bì, cho khoai môn vào trong bột, trộn đều. –       Đun nóng dầu ăn, cho khoai môn vào trong vá, chiên đến khi khi khoai giòn, vớt ra để ráo. –       Pha hỗn hợp xốt gồm: 2M sữa chua, 2M sữa không đường và 2M xốt Mayonnaise Aji-Mayo® Ngọt Dịu. 3. CÁCH DÙNG: –       Xếp xà lách, đậu đỏ, đậu trắng và đậu hũ lên khoai môn chiên, rưới xốt đã pha lên trên. Mách nhỏ Đậu sau khi luộc xóc với ít muối và tiêu để tạo vị đậm đà cho món ăn. Tráng vá với dầu nóng trước khi cho khoai vào để khoai không bị dính.', 22, 5, 1, 0, 0),
(91, 'CANH HẾN DƯA CẢI', 'Đây là món ăn ngon mang hương vị biển, có vị chua dịu nhẹ sẽ kích thích hệ thống tiêu hóa, trong đó hến là một thực phẩm chứa nhiều vitamin B12 và sắt rất tốt cho những người thiếu máu, ít chất béo, ít cholesterol và nhiều axit béo omega-3 thích hợp cho người bệnh tim mạch.', 'Thịt hến: 200g Dưa cải: 200g Me tươi, ớt sừng, ớt hiểm, hành tím, gừng nướng, cà chua bi, thơm Rau nêm canh chua, cà chua bi, nước dùng Muối, đường, nước mắm Bột ngọt  Bột ngọt AJI-NO-MOTO® Hạt nêm (hương vị heo) bổ sung canxi Hạt nêm (hương vị heo) bổ sung canxi', 'http://monngonmoingay.com/wp-content/uploads/2015/08/IMG-0232-canh-hen-dua-cai.png', 'https://www.youtube.com/embed/cuN0RIxKoeQ?autoplay=1', '1. SƠ CHẾ: – Thịt hến ướp 1m hạt nêm Aji-ngon®, để thấm. – Cải chua cắt miếng vừa ăn, khoảng 4cm. Thơm cắt lát, ướp 1m đường, ít muối. Cà chua bi cắt đôi. – Gừng nướng sơ, thái lát, đập dập. Hành tím đập dập. Rau nêm cắt nhỏ. Ớt hiểm đập dập. Ớt sừng cắt lát. 2. THỰC HIỆN: – Phi thơm hành tím, cho hến và 1 trái ớt hiểm vào xào, trút ra dĩa. Tiếp tục xào cải chua với gừng, 1 trái ớt hiểm, nêm 1m đường, 1M nước mắm. – Nấu sôi nước dùng với 2 trái me, cho cải chua vào nấu mềm. Vớt me ra và dằm lấy vị chua, thêm thơm, nêm 1M nước mắm, 1/2m bột ngọt AJI-NO-MOTO®, cho hến và cà chua vào nấu vừa chín tới, tắt lửa. 3. CÁCH DÙNG: Múc canh ra tô, thêm rau nêm và ớt cắt lát. Dùng nóng với cơm, nước mắm và ớt cắt lát. Mách nhỏ Không xào hến quá lâu sẽ bị mất nước ngọt và bị dai. Gừng nướng sẽ có mùi thơm dịu hơn.', 16, 5, 1, 0, 0),
(92, 'THỊT VỊT RAM SẢ GỪNG', 'Thịt vịt là 1 nguyên liệu bổ dưỡng, cung cấp nhiều chất đạm cho cơ thể, thích hợp chế biến món thịt vịt ram sả gừng vào mùa lạnh, cùng với vị ngon của thịt vịt là mùi thơm của sả và gừng giúp món ăn trở nên hấp dẫn hơn bao giờ hết.', 'Thịt vịt: 100g Gừng cắt sợi: 50g Sả bào mỏng: 50g Ớt băm: 1M Hành lá cắt nhỏ, hành lá tỉa xoăn Đường, nước mắm, tiêu, dầu điều, dầu ăn Hành tỏi băm Gia vị nêm sẵn Aji-Quick® Bột Tẩm Khô Chiên Giòn Bột Tẩm Khô Chiên Giòn', 'http://monngonmoingay.com/wp-content/uploads/2015/08/IMG-0037-thit-vit-ram-sa-gung.png', 'https://www.youtube.com/embed/FpPcB2FOCF0?autoplay=1', '1. SƠ CHẾ: – Thịt vịt sơ chế sạch, chặt miếng vuông 4cm, để ráo. Tẩm đều vịt với 1 gói Aji-Quick® Bột tẩm khô chiên giòn (hoặc Aji-quick®Bột Chiên Gà Giòn), sau đó đem chiên vàng, vớt ra để ráo dầu. – Phi thơm 1/2 lượng gừng, sả, vớt ra để ráo dầu. 2. THỰC HIỆN: – Phi thơm lượng gừng sả còn lại với 2m hành tỏi băm, cho thịt vịt vào, thêm 1 chén nước, 2M nước mắm, 1M dầu điều, đậy nắp nấu khoảng 10 phút, mở nắp thêm 1M đường rồi đảo nhanh tay, cuối cùng cho hành lá và ớt băm vào đảo đều rồi tắt bếp. 3. CÁCH DÙNG: Múc vịt ra dĩa, rắc gừng và sả phi lên trên, trang trí với hành lá tỉa xoăn. Mách nhỏ Chiên vịt với Aji-Quick® Bột tẩm khô chiên giòn (hoặc Aji-quick® Bột Chiên Gà Giòn) giúp vịt ra bớt mỡ và không bị khô. Phi thơm trước gừng sả giúp sả vàng giòn, thêm vào món ăn sẽ hấp dẫn hơn.', 8, 5, 1, 0, 0),
(93, 'CANH CUA KHỔ QUA', 'Canh cua đồng thường nấu với rau đay hoặc mồng tơi và mướp, cho nên việc kết hợp cua và khổ qua sẽ làm cả nhà ngạc nhiên và thích thú với sự mới lạ này, ngoài ra khổ qua còn giúp tăng cường hệ thống miễn dịch, ngăn ngừa các bệnh về da và làm cho da thêm đẹp', 'Cá thác lác: 150g Cua đồng xay, gạch để riêng: 300g Khổ qua: 2 trái Hành lá: 3 cây Ngò gai: 2 cọng Ớt băm: 1m Hành tím băm: 1M Muối, tiêu, nước mắm, dầu ăn Bột ngọt  Bột ngọt AJI-NO-MOTO®', 'http://monngonmoingay.com/wp-content/uploads/2015/08/IMG-0186-canh-cua-kho-qua.png', 'https://www.youtube.com/embed/V_9uHSnRTLg?autoplay=1', '1. SƠ CHẾ: – Cua xay hòa với 1.2 lít nước, lọc lấy nước cua. – Khổ qua cắt khúc 2cm, chần sơ. Hành lá phần đầu băm nhuyễn, lá cắt nhỏ. Ngò gai cắt nhỏ. – Phi thơm hành tím băm, xào thơm gạch cua, trộn đều gạch cua với cá thác lát, nêm 1/2M nước mắm, 1/2 m bột ngọt AJI-NO-MOTO®, 1m ớt băm, 1/3m tiêu, đầu hành băm và 1M dầu ăn, quết đều rồi nhồi vào khổ qua. 2. THỰC HIỆN: – Đun sôi nước cua, vớt lấy váng để riêng, cho khổ qua vào  nấu, nêm 1m bột ngọt AJI-NO-MOTO®, 1.5m muối, đến khi khổ qua chín cho váng cua vào , nêm thêm 1m nước mắm. Tắt bếp. Rắc thêm hành lá và ngò gai. 3. CÁCH DÙNG: Múc canh ra tô, dùng nóng với cơm. Mách nhỏ Phần gạch trong mai cua trộn với nhân cá giúp nhân thơm mùi vị cua. Khổ qua chần sơ để giảm vị đắng.', 16, 5, 1, 0, 0),
(94, 'BÊ THUI XÀO SA TẾ', 'Thời tiết cuối năm se lạnh, bằng chút hơi ấm trong gian bếp, chút cay nồng của món bê thui xào sa tế sẽ sưởi ấm không khí gia đình, món ăn này còn giàu dinh dưỡng, giúp giảm nguy cơ thiếu máu, đồng thời chứa nhiều chất kẽm, sắt, vitamin rất tốt cho cơ thể.', 'Thịt bê thui: 300g Ớt chuông: 100g Hành tây: ½ củ Hành tỏi băm, mè trắng rang, ngò rí, tiêu, đường, sa tế, dầu ăn Nước tương LISA Hạt nêm (hương vị heo) bổ sung canxi Hạt nêm (hương vị heo) bổ sung canxi', 'http://monngonmoingay.com/wp-content/uploads/2015/08/IMG-0040-be-thui-xao-sa-te.png', 'https://www.youtube.com/embed/spXvMmxC8Uc?autoplay=1', '1. SƠ CHẾ: – Thịt bê cắt lát mỏng 3mm, ướp 1m hạt nêm Aji-ngon®, 1m tỏi băm và 1/3m tiêu, để thấm. – Ớt chuông, hành tây cắt vuông 3cm. Ngò rí cắt nhỏ. 2. THỰC HIỆN: – Phi thơm hành tỏi, cho ớt và hành tây vào xào, thêm thịt bê thui vào xốc nhanh tay với lửa lớn, nêm 1/2 M sa tế, xóc đều và tắt bếp. 3. CÁCH DÙNG: Cho bê thui ra dĩa, rắc mè và ngò rí lên trên. Dùng nóng với cơm trắng, chấm kèm nước tương LISA. Mách nhỏ Chọn thịt bê vừa, da không dày, phần thịt ở mông hoặc đùi là ngon nhất. Không nên xào thịt lâu, thịt bê sẽ bị dai.', 1, 5, 1, 0, 0),
(95, 'CÁ HẤP CỦ SEN', 'Cá hấp củ sen là một món ăn ngon bổ dưỡng phù hợp các bữa ăn hàng ngày, đặc biệt với người già và trẻ em vì trong củ sen và cá có chứa rất nhiều vi chất dinh dưỡng, có thể ăn với cơm hay cuốn rau sống, bánh tráng, chấm nước mắm chua cay.', 'Cá diêu hồng: 1 con Củ sen: 1 củ Bông cải xanh: 100g Kỉ tử: 10 hạt Hành lá cắt khúc: 2 cọng gừng cắt sợi: 5 lát Cần tàu: 2 cọng Ớt sừng: 2 trái Muối, tiêu, rượu trắng, dầu ăn Bột ngọt  Bột ngọt AJI-NO-MOTO®', 'http://monngonmoingay.com/wp-content/uploads/2015/10/0065-ca-hap-cu-sen1.png', 'https://www.youtube.com/embed/UwGHopCWilM?autoplay=1', '1. SƠ CHẾ: – Cá diêu hồng sơ chế sạch, khứa xéo 2 đường 2 bên mình cá, ướp 2m rượu, 1m bột ngọt AJI-NO-MOTO®, 2m muối, 1/2m tiêu, nhồi hành lá cắt khúc và 1/2 lượng gừng vào bụng cá, để thấm. – Củ sen gọt vỏ, cắt khoanh mỏng 3mm. Cần tàu cắt ngắn. Bông cải xanh cắt miếng vừa ăn. Kỉ tử ngâm mềm. Ớt cắt sợi, 1 ít cắt lát. 2. THỰC HIỆN: – Xếp cá ra dĩa sứ, cho bông cải và củ sen xung quanh, đem hấp khoảng 20 phút, rắc kỉ tử, ớt, cần tàu và phần gừng cắt sợi còn lại lên trên, đem hấp tiếp khoảng 10 phút, lấy cá ra, dội 2M dầu đun nóng lên mình cá. 3. CÁCH DÙNG: – Xếp món hấp ra dĩa, dùng nóng với cơm, chấm nước tương “Phú Sĩ” và ớt cắt lát. Mách nhỏ Rượu, tiêu và hành gừng khi ướp cá sẽ giúp cá không bị tanh và giữ được mùi vị tự nhiên. Các loại rau gia vị như ớt, gừng, cần cho vào sau để chín cùng với cá nhưng vẫn giữ được hương vị màu sắc tự nhiên.', 12, 6, 1, 0, 0),
(96, 'CƠM CHIÊN CÁ MẶN', 'Nếu là một “fan” của món cơm chiên cá mặn ở nhà hàng, thì món ăn này đích thực dành cho bạn. Chỉ cần ngâm qua đêm cá khô, và vài phút chế biến là bạn đã có ngay những dĩa cơm chiên cá mặn, cơm vàng ươm, không thua kém gì ở tiệm rồi', 'NGUYÊN LIỆU Cơm trắng: 3 chén Khô cá sửu: 50g Xà lách: 1 búp Trứng vịt: 2 cái Hành lá cắt nhỏ: 2M (giữ lại đầu hành lá) Tỏi băm, gừng cắt lát: 2M Bột mì: 2M Dầu ăn, đường, bột mì Ăn kèm: ớt cắt lát, dưa leo, cà chua. Bột ngọt  Bột ngọt AJI-NO-MOTO® Hạt nêm (hương vị heo) bổ sung canxi Hạt nêm (hương vị heo) bổ sung canxi Nước tương  Nước tương', 'http://monngonmoingay.com/wp-content/uploads/2015/09/ComChienCaMan_540_360.jpg', 'https://www.youtube.com/embed/mqHkNfDgghM?autoplay=1', '1. SƠ CHẾ: – Khô cá sửu ngâm với nước muối pha loãng qua đêm, xả qua nước lạnh để ráo. – Xà lách búp cắt sợi nhuyễn, trứng vịt đánh tan. – Trộn 1M bột mì vào 1/2 chén cơm, rây bỏ phần bột mì dư. 2. THỰC HIỆN: – Làm nóng dầu, cho cá mặn vào chiên áp chảo vàng đều hai mặt, để nguội, dùng nĩa tách miếng nhỏ. Ướp khô với 1m bột ngọt AJI-NO-MOTO®, 1M đường. Tiếp tục rang khô với đầu hành lá và 5 lát gừng. Trộn tiếp với 1M bột mì, rây bỏ phần bột mì dư. – Cho dầu vô chảo, chiên ngập dầu phần cơm đã trộn bột mì đến khi vàng giòn. Sau đó chiên tiếp khô cá rồi dùng dao băm nhỏ lại. – Làm nóng dầu, cho tỏi vào phi thơm, cho tiếp trứng vịt vào đảo đều, cho cơm vào, nêm vào 1m hạt nêm Aji-ngon®, cho tiếp cá mặn vào chiên đến khi thấy hạt cơm khô săn lại nếm vị vừa ăn. Thêm hành lá, cơm chiên giòn vào xóc đều. 3. CÁCH DÙNG: Dùng nóng với dưa leo cà chua, xà lách cắt sợi và chén nước tương ớt lát. Mách nhỏ – Rắc bột mì chiên cơm để cơm giòn xốp kg bị chai cứng. – Áp chảo và chiên trước cá mặn để cá được giòn và thơm hơn.', 20, 6, 1, 0, 0),
(97, 'CÀ RI CÁ', 'Cà ri cá là một món ăn rất ngon và hấp dẫn, người lớn và trẻ em đều thích, phù hợp cho các bữa tiệc họp mặt gia đình trong những ngày hè.', 'Cá thu cắt lát: 300g Khoai tây: 100g Cà rốt: 100g Dừa nạo: 200g Bánh mì: 1 ổ Rau húng quế: 1 ít Chanh, ớt băm: 1 trái Hành tỏi băm, 1 củ gừng nhỏ Muối, rượu, dầu ăn Aji-Quick® Bột cà ri tiện dụng', 'http://monngonmoingay.com/wp-content/uploads/2015/08/IMG_9308-ca-ri-ca.png', 'https://www.youtube.com/embed/Si6UnstlZr0?autoplay=1', '1. SƠ CHẾ: – Cá thu rửa nước có pha gừng và rượu, sau đó bỏ xương cắt khối 2cm, ướp cá với 1/3 gói Aji-Quick® Bột cà ri tiện dụng. – Cà rốt, khoai tây cắt miếng nhỏ vừa ăn. Rau quế 1 ít cắt nhỏ, 1 ít để trang trí. – Dừa nạo vắt 1 chén nước cốt, 2 chén nước dão. 2. THỰC HIỆN: Phi thơm hành tỏi băm, cho cá thu vào xào săn, trút cá ra dĩa. Tiếp tục cho rau củ vào xào, thêm nước dão dừa và Aji-Quick® Bột cà ri tiện dụng vào. Nấu nhỏ lửa đến khi rau củ gần mềm, cho phần cá vào, thêm nước cốt dừa, nấu đến khi nước hơi sệt thì tắt bếp, thêm rau quế cắt nhỏ vào. 3. CÁCH DÙNG: Cho cà ti cá ra dĩa, trang trí thêm rau quế. Ăn kèm bánh mì và muối ớt chanh. Mách nhỏ Nước có pha gừng và rượu sẽ giúp giảm mùi tanh của cá. Ướp cá với 1 ít Aji-Quick® Bột cà ri tiện dụng trước sẽ giúp cá thấm đều gia vị hơn.', 2, 6, 1, 0, 0),
(98, 'CÁ CHÉP NẤU BUNG', 'Cá chép nấu canh theo kiểu miền Bắc sẽ tạo hương vị mới lạ cho bữa cơm của cả gia đình, thịt cá chép chín vừa ngọt mềm, vì chua của mẻ dìu dịu dễ ăn, vị củ riềng thơm đặc trưng và không thể không kể đến là vị bùi bùi của chuối xanh nấu chín và hương vị đa dạng của các loại rau củ đi kèm: cà chua, bạc hà, tía tô...', 'Cá chép: 500g Bạc hà: 200g Đu đủ xanh: 100g Chuối xanh: 1 trái Cà chua: 1 trái Khế chua: 1 trái Hành lá: 3 cây Ớt hiểm: 2 trái Ớt sừng: 1/2 trái Riềng: 1 củ nhỏ Rau tía tô: 1 nắm Nước nghệ: 2M Cơm mẻ: 4M Nước mắm, muối, đường, dầu ăn Bột ngọt  Bột ngọt AJI-NO-MOTO®', 'http://monngonmoingay.com/wp-content/uploads/2015/08/ca-chep-nau-bung_CQC8083.png', 'https://www.youtube.com/embed/QYyqdeY5WQI?autoplay=1', '1. SƠ CHẾ: – Cá chép làm sạch, cắt làm 3. – Hành lá cắt khúc. Đầu hành đập giập, củ riềng đập dập, một nửa nhét vào bụng cá, một nửa để riêng. Ướp cá với 1m muối, 1/2m bột ngọt AJI-NO-MOTO®. – Bạc hà cắt xéo mỏng, bóp với ít muối, xả nước cho sạch, vắt ráo. Chuối xanh gọt vỏ, cắt khúc 4cm, chẻ dọc làm 4-6 miếng, ngâm qua nước muối, để ráo. Đu đủ xanh cắt miếng như chuối. Ngâm đu đủ với chuối vào nước nghệ. Khế cắt ngang qủa dầy 3 li. Tía tô cắt sợi. Ớt sừng cắt lát, ớt hiểm đập giập. Cà chua cắt múi cau. 2. THỰC HIỆN: – Chiên sơ 2 mặt cá. – Đun sôi 1,2 lít nước, cho cơm mẻ, 1/2 phần riềng còn lại, ớt hiểm, 1/2M đường, 1/2M bột ngọt AJI-NO-MOTO®, 1.5M muối, cá vào nấu sôi lại, sau đó cho chuối, đu đủ xanh nấu chung, chờ cho tất cả vừa chín tới, cho cà chua, khế vào, nêm 1M nước mắm cho vừa ăn, cho thêm bạc hà trộn nhanh, tắt lửa 3. CÁCH DÙNG: Múc canh ra tô, cho hành lá và tía tô vào, vài lát ớt sừng. Ăn nóng với cơm, dọn kèm nước mắm nguyên chất, ớt cắt lát. Mách nhỏ – Chiên sơ cá trước khi nấu giúp cá có mùi thơm, thịt cá săn và thấm gia vị đã ướp – Nêm mẻ trước khi cho cá vào nấu canh giúp khử mùi tanh của cá và tăng hương vị.', 2, 6, 1, 0, 0),
(99, 'BURGER CÁ NGỪ', 'Burger cá ngừ là món ăn sáng rất tiện dụng để ăn tại chỗ hay mang đi đều được, mang hương vị thơm ngon nhưng không ngấy, lại dễ thực hiện.', 'Bánh mì burger: 4 cái Cá ngừ: 2 hộp Cà chua: 1 trái Xà lách lo lo xanh: 4 lá Ngò rí: 2 cọng Hành tím: 2 củ Nước cốt chanh: 1/2m Muối, tiêu Xốt Mayonnaise  Xốt Mayonnaise Aji-mayo®', 'http://monngonmoingay.com/wp-content/uploads/2015/08/IMG_0031-burger-ca-ngu.png', 'https://www.youtube.com/embed/X6BfEPx1q0s?autoplay=1', '1. SƠ CHẾ: – Hành tím cắt nhuyễn. Cà chua cắt lát, 1 ít cắt hạt lựu. Ngò rí cắt nhỏ. Xà lách cắt đôi. – Cá ngừ chắt bỏ dầu, xắn cá thành miếng nhỏ vừa, sau đó trộn đều với cà chua, hành tím, ngò rí và 2,5M xốt Mayonnaise LISA, thêm 1/3m muối, 1 ít tiêu, 1/2m nước cốt chanh. 2. THỰC HIỆN: – Cắt đôi bánh mì, phết xốt Mayonnaise LISA lên 2 mặt bánh, lót xà lách, cà chua cắt lát, sau đó cho nhân cá ngừ, cuối cùng đậy miếng burger còn lại lên trên. 3. CÁCH DÙNG: – Ta có thể dùng kèm với khoai tây chiên nếu thích hoặc có thể gói lại và mang đi. Mách nhỏ – Nước cốt chanh sẽ làm cho cá ngừ tăng thêm hương vị, hấp dẫn hơn, nên vắt chanh trực tiếp vào cá để giữ hương thơm của chanh. – Trộn cá thật nhẹ tay để cá không bị nát và hỗn hợp không bị ra nước.', 22, 6, 1, 0, 0),
(100, 'NẢI CHUỐI MỰC', 'Sử dụng nguyên liệu quen thuộc là mực nhưng với một chút sáng tạo trong cách dùng nguyên liệu, trong cách tạo hình, giúp làm ra một món ăn mới lạ, món ăn vừa có cách trình bày thật hấp dẫn, vừa có hương vị đậm đà, có vị giòn từ củ năng và cà rốt, xốt đậm đà, thơm mùi tiêu xanh.', 'Mực làm sạch: 300g Cá thác lác nạo: 100g Tiêu xanh: 3 nhánh Bông cải xanh: 1 cùi Nước dùng: 1 chén Củ năng cắt nhuyễn: 1M Cà rốt cắt nhỏ: 1M Thì là băm: 1m Nước nghệ tươi: 2M Cọng hành lá, hành tím băm, ớt hiểm Tiêu, dầu ăn, dầu hào, tương cà, bột năng Hạt nêm (hương vị heo) bổ sung canxi Hạt nêm (hương vị heo) bổ sung canxi', 'http://monngonmoingay.com/wp-content/uploads/2015/08/201205170438090000006_nai-chuoi-muc-50an587.png', 'https://www.youtube.com/embed/zqk7ZR6JfIY?autoplay=1', '1. SƠ CHẾ: – Mực làm sạch, bỏ da và đầu, ướp 1/2m hạt nêm Aji-ngon®, 1/3m tiêu. – Cá thác lác tán đều với 1/2m hạt nêm Aji-ngon®, 1/2m tiêu, 1M cọng thì là, 1M củ năng, 1M cà rốt, 1M đầu hành lá băm nhuyễn. Nhồi nhân cá vào bụng mực, dùng tăm ghim cho kín miệng, dùng cọ phết đều màu nghệ lên mực, dùng hạt tiêu nhỏ đính vào phần đuôi của mực. – Bắc chảo dầu chiên 1 nhánh tiêu xanh đập dập. Ớt hiểm đập dập. 2. THỰC HIỆN: – Mực đem hấp chín khoảng 5-7 phút. Xếp mực ra dĩa tạo hình nải chuối với cùi là bông cải xanh. – Làm xốt chấm: Chắt nước hấp mực, thêm 1M tương cà, 1M dầu hào, 1/2 chén nước dùng và 1m bột năng, khuấy đều. Phi thơm hành tím, cho ớt hiểm và tiêu xanh vào đảo đều. Cho nước xốt đã pha vào chảo khuấy đều và tắt lửa. 3. CÁCH DÙNG: Dùng với cơm nóng, khi ăn chấm kèm xốt pha. Mách nhỏ Chọn mua mực loại nhỏ, đều để tạo hình giống nải chuối. Dùng nước hấp mực để làm xốt sẽ giúp xốt tăng thêm hương vị cho món ăn.', 2, 6, 1, 0, 0),
(101, 'TRỨNG CÁ THU CHIÊN GIÒN XỐT ME', 'Món trứng cá thu chiên giòn xốt me là món bổ dưỡng giúp bạn bổ sung năng lượng cho ngày làm việc vất vả, có vị chua chua thanh thanh hòa quyện cùng vị beo béo bùi bùi của trứng cá, rất phù hợp cho bữa cơm gia đình hàng ngày.', 'Trứng cá thu: 300g Hành tây: 1 củ Nước dùng: 1 chén Gừng đập dập: 2 lát Ớt băm: 1M Nước me:1,5M Bột năng pha loãng: 1M Ăn kèm: xà lách, cà chua, dưa leo Đường, nước mắm, dầu hào, dầu ăn Giấm gạo lên men  Giấm gạo lên men LISA® Hạt nêm (hương vị heo) bổ sung canxi Hạt nêm (hương vị heo) bổ sung canxi Gia vị nêm sẵn Aji-Quick® Bột Tẩm Khô Chiên Giòn Bột Tẩm Khô Chiên Giòn', 'http://monngonmoingay.com/wp-content/uploads/2015/08/0155-trung-ca-thu-chien-gion-xot-me.png', 'https://www.youtube.com/embed/uUoLwQtD-dI?autoplay=1', '1. SƠ CHẾ: – Đun sôi 0.5 lít nước với 1M Giấm gạo lên men LISA®, gừng đập dập, chần sơ trứng cá, vớt ra để ráo. – Hành tây cắt nhỏ. Dưa leo, cà chua cắt lát. Xà lách rửa sạch, để ráo. 2. THỰC HIỆN: – Tẩm trứng cá với 1/2 gói Aji-Quick® Bột tẩm khô chiên giòn (hoặc Aji-quick® Bột Chiên Gà Giòn), chiên vàng vớt ra để ráo dầu. – Xốt me: Xào thơm hành tây với ít dầu, cho ớt băm, 1,5M nước me, 2/3M đường, nấu tan đường, thêm 1 chén nước dùng, 1m hạt nêm Aji-ngon®, 1/2M dầu hào, cuối cùng cho bột năng pha loãng vào tạo độ sánh, nêm thêm 1m nước mắm, tắt lửa. 3. CÁCH DÙNG: Xếp trứng cá ra dĩa, chấm xốt me, dùng kèm dưa leo, cà chua và xà lách. Mách nhỏ Xào hành tây vàng nâu để tạo mùi thơm và màu cánh gián cho xốt. Xẻ 2 đầu trứng cá để trứng thấm gia vị và khi chiên được giòn hơn.', 20, 6, 1, 0, 0);
INSERT INTO `mons` (`id`, `title`, `description`, `material`, `image`, `video`, `making`, `id_cooking_type`, `id_material`, `id_dipnau`, `is_seven_day`, `is_most_view`) VALUES
(102, 'TRỨNG CÁ KHO NGHỆ', 'Trứng kho với nghệ sẽ giúp bớt mùi tanh của trứng cá và mang lại hương vị thơm đặc trưng của nghệ, món ăn ngon còn có màu vàng hấp dẫn, kích thích vị giác, thích hợp để thay đổi khẩu vị trong gia đình.', 'Trứng cá thu: 300g Nghệ xắt sợi: 5M Gừng đập dập: 1 củ nhỏ Ớt hiểm đập dập: 2 trái Húng quế cắt sợi, hành tím băm, tiêu, nước mắm, dầu ăn Hạt nêm (hương vị heo) bổ sung canxi Hạt nêm (hương vị heo) bổ sung canxi Giấm gạo lên men  Giấm gạo lên men LISA®', 'http://monngonmoingay.com/wp-content/uploads/2015/08/201205170433510000008_trung-ca-kho-nghe-49an579.png', 'https://www.youtube.com/embed/8ljbZFNqH1A?autoplay=1', '1. SƠ CHẾ: – Trứng cá làm sạch, để ráo, chần sơ trong nước nêm 1M Giấm gạo lên men LISA®, gừng đập dập cho hết máu bầm, vớt cá ra, ngâm qua nước đá lạnh. Vớt trứng cá ra, cắt khúc, ướp 1M hành tím, 1m hạt nêm Aji-ngon®, 1M nước mắm và 1/3m tiêu, để thấm. 2. THỰC HIỆN: – Phi thơm nghệ, cho trứng cá vào kho sơ, thêm 1 chén nước nóng, kho nhỏ lửa cho trứng cá thấm gia vị, thêm vào 2 trái ớt hiểm, 1M dầu, một ít tiêu, tắt bếp, rắc thêm húng quế. 3. CÁCH DÙNG: Cho trứng cá ra dĩa, trang trí với lá húng quế, dùng nóng với cơm. Mách nhỏ Chần trứng cá qua nước có pha giấm, gừng để khử mùi tanh và giúp trứng không bị bể khi kho. Húng quế sẽ giúp món kho có mùi vị đặc trưng và thơm ngon hơn.', 2, 6, 1, 0, 0),
(103, 'CÁ HỒI NƯỚNG XỐT MAYO', 'Sự kết hợp tuyệt vời giữa cá hồi nướng thơm béo với xốt Mayo, cộng thêm vị ngọt của cà tím kho và ớt cùng ngò rí, khiến vị ngon như bùng nổ và thấm vào từng tế bào lưỡi, tạo nên cảm giác thật sảng khoái và thích thú cho bữa ăn gia đình.', 'Phi lê cá hồi còn da : 4 miếng (50g/miếng) Cà tím : 1 quả Đầu hành lá : 8 đầu Ớt sừng : 1 trái Ớt chuông vàng : 1 trái Nước cốt chanh : 1m Muối, tiêu, đường, rượu trắng, dầu ăn Trang trí: ngò rí Hạt nêm (hương vị heo) bổ sung canxi Hạt nêm (hương vị heo) bổ sung canxi Nước tương  Nước tương  Xốt Mayonnaise  Xốt Mayonnaise Aji-mayo®', 'http://monngonmoingay.com/wp-content/uploads/2015/08/2_CQC0333_CaHoiNuongMayo.png', 'https://www.youtube.com/embed/_4gmJYY1yEM?autoplay=1', '1. SƠ CHẾ: –       Cá rửa sạch, thấm ráo nước, ướp cá với 1M rượu trắng, 1M đường, 1M nước gừng và 2M nước tương “Phú Sĩ”, để thấm 15 phút. –       Cà tím cắt miếng 2x3cm, ngâm nước pha chút muối. Ớt sừng cắt miếng cạnh 1cm. Ớt chuông vàng cắt sợi tròn bản 0.5cm. 2. THỰC HIỆN: –       Pha xốt: Trộn đều 2M xốt Mayonnaise Aji-Mayo® với 2 lòng đỏ trứng và 1/2m nuớc cốt chanh. –       Phết hỗn hợp xốt lên cá, cho vào lò nướng 180º đến khi cá chín. –       Xào rau: Chiên cà tím trong dầu ngập đến khi chín vàng, để ráo dầu. Phi thơm đầu hành, ớt sừng, ớt vàng, cho cà tím vào xào, thêm 2M nước tương “Phú Sĩ”, 1m hạt nêm Aji-ngon®, 1M đường, 1M rượu trắng, xào đến khi xốt cạn thấm vào cà. 3. CÁCH DÙNG: –       Xếp lần lượt 2 cọng hành lá, cà tím, 1 miếng cá và cọng ngò rí lên trên cùng. Xung quanh để ớt vàng và ớt đỏ. Dùng chung với cơm hoặc làm món khai vị nóng. Mách nhỏ Thấm ráo nước để cá không tanh và thấm vị hơn. Cho rượu trắng vào khi xào rau để rau giòn và thơm hơn.', 22, 6, 1, 0, 0),
(104, 'BÁNH CAY NHÂN TÔM', 'Là món ăn ngon của mùa hè với hương vị thơm ngon, beo béo từ xốt mayonnaise, cách trình bày cũng thật hấp dẫn với màu xanh của lá hành tươi thái nhỏ, màu vàng của nghệ hòa với bột mì, và tất nhiên không thể thiếu màu đỏ của ớt tươi.', 'Khoai mì đã mài: 1 chén Tôm sú: 100g Bột gạo: 1M Bột nghệ: 1,2m Ớt hiểm, đầu hành lá Muối ớt tôm Ngò rí Tiêu, đường, dầu ăn Bột ngọt  Bột ngọt AJI-NO-MOTO® Hạt nêm (hương vị heo) bổ sung canxi Hạt nêm (hương vị heo) bổ sung canxi Xốt Mayonnaise  Xốt Mayonnaise Aji-mayo®', 'http://monngonmoingay.com/wp-content/uploads/2015/08/201205170440450000002_banh-cay-nhan-tom-51am599.png', 'https://www.youtube.com/embed/0fKTQM9iRpo?autoplay=1', '1. SƠ CHẾ: – Tôm sú rang muối, bóc vỏ, cắt khúc 2cm, ướp 1M xốt Mayonnaise Aji-Mayo®. – Ớt hiểm băm nhỏ. Cọng ngò băm nhỏ. Đầu hành lá băm nhỏ. – Khoai mì vắt bớt nước, lắng lấy phần bột, trộn lại vào khoai mì. Trộn đều khoai mì với 1m bột gạo, 1/2m bột nghệ, 1M đầu hành băm, 1m ớt băm, 1m cọng ngò băm, nêm 1m muối tôm, 1/2m tiêu, 1/2m hạt nêm Aji-ngon®, 1/4m đường, 1/4m bột ngọt AJI-NO-MOTO®. – Tạo hình: Vắt hỗn hợp khoai mì thành viên đường kính 3cm, vo tròn rồi nắn dẹp hình bầu dục, cho tôm vào, bọc kín lại như hình con nhộng. 2. THỰC HIỆN: Đun nóng dầu ăn, lần lượt cho bánh cay vào chiên chín vàng, vớt ra để ráo dầu. 3. CÁCH DÙNG: Xếp bánh cay nhân tôm ra dĩa, chấm xốt Mayonnaise Aji-Mayo®. Mách nhỏ – Trộn thêm bột gạo vào khoai giúp bột ráo, dễ tạo hình và tạo độ giòn cho bánh. – Chọn khoai mì đủ già sẽ có nhiều tinh bột, bánh chiên sẽ xốp hơn.', 22, 7, 3, 0, 0),
(105, 'SUSHI', 'Sushi là món ăn truyền thống của Nhật Bản, chế biến nhanh gọn, tiện lợi để có thể đem theo ăn trưa hoặc bữa ăn phụ, phù hợp với những người làm việc văn phòng.', 'Tôm tươi: 100g Cơm nấu từ gạo dẻo của Nhật: 3 chén Cá ngừ ngâm dầu: 1 hộp Dưa leo: 1 trái Xà lách: 1 cây Mè trắng rang: 1 ít Cà rốt: 1 củ Lá rong biển, đường, muối Xốt Mayonnaise LISA Hạt nêm (hương vị heo) bổ sung canxi Hạt nêm (hương vị heo) bổ sung canxi Nước tương  Nước tương', 'http://monngonmoingay.com/wp-content/uploads/2015/08/sushi-37lm435.jpg', 'https://www.youtube.com/embed/eODzRXHdVDU?autoplay=1', '1. SƠ CHẾ: – Dưa leo rửa sạch, cắt que dài. Cà rốt bào vỏ, cắt que dài, cạnh 1cm, luộc chín. – Cá ngừ gạn bỏ dầu, dằm nhỏ, trộn đều với 1 ít tiêu, 1M xốt Mayonnaise LISA. – Tôm luộc chín, bóc hết vỏ. Cắt hạt lựu, trộn đều với 1 ít tiêu và 1M xốt Mayonnaise LISA. 2. THỰC HIỆN: – Pha nước giấm: nấu tan 3M Giấm gạo lên men LISA®, 1M đường, ít muối, để nguội. – Cho cơm đã nấu chín ra khay, trộn đều cơm với nước giấm đã pha. – Sushi nhân cá ngừ: đặt miếng rong biển lên vỉ cuốn, xếp đều cơm lên 3/4 lá rong biển, rắc mè lên cơm rồi xếp xà lách, dưa leo, cà rốt, cho cá ngừ lên trên rồi cuốn lại. – Sushi nhân tôm: đặt miếng rong biển lên vỉ cuốn, xếp đều cơm lên 3/4 lá rong biển, rắc mè lên cơm rồi xếp xà lách, dưa leo, tôm lên trên rồi cuốn tròn lại. 3. CÁCH DÙNG: Cắt sushi thành từng miếng dày khoảng 1,5cm, xếp ra dĩa. Khi ăn chấm kèm nước tương LISA. Mách nhỏ – Có thể thay gạo Nhật bằng gạo dẻo, trước khi nấu ngâm gạo dẻo 30 phút để cơm dẻo mềm hơn. – Có thể làm sushi nhân cua hay nhân cá ngừ đều rất ngon. – Khi trải cơm lên lá rong biển nên dùng tay tán cho cơm trải đều và nén chặt', 22, 7, 1, 0, 0);

--
-- Indexes for dumped tables
--

--
-- Indexes for table `cachnau`
--
ALTER TABLE `cachnau`
  ADD PRIMARY KEY (`id_cooking_type`);

--
-- Indexes for table `cachnaumon`
--
ALTER TABLE `cachnaumon`
  ADD PRIMARY KEY (`id_cachnaumon`),
  ADD KEY `fk_id_mon` (`id`),
  ADD KEY `fk_id_cachnau` (`id_cachnau`);

--
-- Indexes for table `dipnau`
--
ALTER TABLE `dipnau`
  ADD PRIMARY KEY (`id_dipnau`);

--
-- Indexes for table `dipnaumon`
--
ALTER TABLE `dipnaumon`
  ADD PRIMARY KEY (`id_dipnaumon`),
  ADD KEY `fk_id_mon` (`id`),
  ADD KEY `id_dipnau` (`id_dipnau`);

--
-- Indexes for table `material`
--
ALTER TABLE `material`
  ADD PRIMARY KEY (`id_material`);

--
-- Indexes for table `materialmon`
--
ALTER TABLE `materialmon`
  ADD PRIMARY KEY (`id_materialmon`),
  ADD KEY `fk_name_mon` (`id`),
  ADD KEY `fk_id_material` (`id_material`);

--
-- Indexes for table `mons`
--
ALTER TABLE `mons`
  ADD PRIMARY KEY (`id`),
  ADD KEY `id_material` (`id_material`),
  ADD KEY `fk_id_cachnau` (`id_cooking_type`),
  ADD KEY `fk_id_dipnau` (`id_dipnau`);

--
-- AUTO_INCREMENT for dumped tables
--

--
-- AUTO_INCREMENT for table `cachnau`
--
ALTER TABLE `cachnau`
  MODIFY `id_cooking_type` int(11) NOT NULL AUTO_INCREMENT, AUTO_INCREMENT=24;
--
-- AUTO_INCREMENT for table `cachnaumon`
--
ALTER TABLE `cachnaumon`
  MODIFY `id_cachnaumon` int(11) NOT NULL AUTO_INCREMENT;
--
-- AUTO_INCREMENT for table `dipnau`
--
ALTER TABLE `dipnau`
  MODIFY `id_dipnau` int(11) NOT NULL AUTO_INCREMENT, AUTO_INCREMENT=9;
--
-- AUTO_INCREMENT for table `dipnaumon`
--
ALTER TABLE `dipnaumon`
  MODIFY `id_dipnaumon` int(11) NOT NULL AUTO_INCREMENT;
--
-- AUTO_INCREMENT for table `material`
--
ALTER TABLE `material`
  MODIFY `id_material` int(11) NOT NULL AUTO_INCREMENT, AUTO_INCREMENT=18;
--
-- AUTO_INCREMENT for table `materialmon`
--
ALTER TABLE `materialmon`
  MODIFY `id_materialmon` int(11) NOT NULL AUTO_INCREMENT, AUTO_INCREMENT=3;
--
-- AUTO_INCREMENT for table `mons`
--
ALTER TABLE `mons`
  MODIFY `id` int(50) NOT NULL AUTO_INCREMENT, AUTO_INCREMENT=106;
/*!40101 SET CHARACTER_SET_CLIENT=@OLD_CHARACTER_SET_CLIENT */;
/*!40101 SET CHARACTER_SET_RESULTS=@OLD_CHARACTER_SET_RESULTS */;
/*!40101 SET COLLATION_CONNECTION=@OLD_COLLATION_CONNECTION */;
